placekey,naics_2d,timesfm_auc_total,urban_flag
zzy-226@63g-2dz-kcq,32,0.31273603,Urban
229-222@8gf-r5g-2hq,54,0.013711351,Urban
22b-222@8gf-dk3-d35,56,-0.036959402,Urban
229-225@8gf-fnx-kxq,31,-0.01657129,Urban
zzw-223@8gg-b7s-b6k,44,0.043504186,Rural
222-225@63f-kv6-9pv,44,-0.19493204,Urban
24v-222@63f-kw6-k75,44,0.022003919,Urban
22y-222@8gf-r5g-q9f,45,0.120696306,Urban
222-225@8gf-dt2-mtv,48,0.026657855,Urban
zzy-22v@63f-ktd-b49,48,0.23848492,Urban
225-222@8gf-r7t-mtv,51,-0.0694651,Urban
zzy-225@8gg-9s3-bff,52,-0.064143114,Rural
zzw-22b@8gf-rnq-2p9,52,-0.011436686,Urban
zzw-224@8gg-9tn-49z,53,-0.05328593,Urban
22m-222@8gf-fnr-djv,53,0.2406192,Urban
222-22w@8gf-dst-gzf,54,0.3307522,Urban
zzw-222@647-3p7-hwk,61,0.2055215,Urban
227-222@8gg-3gv-g49,62,0.2025699,Urban
29r-222@63f-kvg-8n5,62,-0.10686866,Urban
zzz-222@63g-5jd-59f,71,-0.11596578,Urban
zzw-222@8gf-r5b-fj9,71,0.034048334,Urban
224-224@8gg-crn-2p9,72,-0.22774558,Urban
222-222@63f-m2q-gzf,72,-0.043075945,Urban
zzw-222@647-36j-py9,81,0.09136651,Urban
zzy-222@8gf-dk2-r8v,33,0.09396779,Urban
222-222@8gf-dt8-jsq,44,-0.24594006,Urban
zzw-226@63f-m38-y7q,44,-0.015152498,Urban
zzw-222@8gf-m87-xqz,44,-0.19162638,Rural
222-229@8gg-tk9-649,44,-0.11169654,Urban
222-222@8gg-thj-xqz,44,0.002743461,Urban
zzw-22m@8gf-dt6-5s5,44,0.13570575,Urban
23y-222@8gg-9tn-5s5,44,-0.12662114,Urban
zzw-226@647-5dc-hbk,45,-0.2944169,Urban
225-223@8gf-qfn-2x5,48,0.007785255,Urban
222-222@8gg-25b-wx5,53,0.20943725,Urban
227-229@647-3qb-435,54,0.3770289,Urban
223-23x@647-3qc-rkz,54,0.4314294,Urban
222-222@8gf-g5z-kcq,61,0.26630515,Urban
223-222@8g9-n5b-td9,61,0.18574077,Urban
zzy-222@63f-kv6-8n5,61,0.19320266,Urban
222-22g@8gf-fnh-5xq,62,0.27477998,Urban
zzw-225@8gf-dsd-9fz,62,-0.12374024,Urban
222-222@8gg-bwc-cnq,62,0.31091326,Urban
222-222@8gg-tht-yjv,62,0.21304917,Urban
zzz-222@8gg-7xc-rkz,71,0.13490705,Rural
223-223@8gf-r5g-qs5,72,0.13464113,Urban
zzy-222@8g9-njv-z9f,81,-0.0791133,Rural
222-222@8gg-3dm-psq,81,0.2583194,Urban
228-22t@647-3qc-r49,54,0.1436306,Urban
zzw-224@8gg-3k2-wp9,56,-0.15808046,Urban
zzy-222@8gg-3fk-q9f,56,0.34529325,Urban
zzy-223@8gf-dsx-68v,81,0.09400619,Urban
223-229@8gg-3g9-h3q,81,0.19541018,Urban
222-222@63g-5m9-d9z,44,0.021995872,Urban
zzw-223@63g-5hj-w49,44,0.025968472,Urban
224-223@647-5hr-rkz,44,0.012204286,Urban
223-224@8gg-tkb-cqz,44,0.32283658,Urban
227-222@647-3n2-hqz,44,0.1682716,Urban
zzy-22j@8gf-dpg-bkz,45,-0.14115244,Urban
223-226@8gg-th2-vcq,53,0.108994655,Urban
225-222@8gf-dsz-7qz,53,0.11289523,Urban
222-22b@8gg-d6v-cbk,53,-0.20998557,Urban
224-223@8gf-ddy-6tv,53,0.15939468,Urban
224-222@8gf-hpn-mrk,53,0.05958777,Urban
222-22z@8gf-dsq-59f,53,0.021719329,Urban
22q-236@647-3qb-3t9,54,-0.024279341,Urban
222-22x@8gf-dsz-xkf,54,0.28944418,Urban
zzy-228@8gg-s5m-yn5,54,0.20642203,Urban
22b-222@8gg-9sp-9xq,56,0.16436645,Urban
223-222@8gf-rs3-brk,61,0.1758335,Urban
222-222@8gf-qfp-5pv,61,0.09108883,Urban
223-226@8gf-dpd-7qz,62,0.21533301,Urban
zzw-222@63f-kfp-cbk,62,0.2968734,Urban
zzz-222@63g-2bq-y7q,71,-0.12731157,Urban
zzz-222@63f-ktn-9vf,71,-0.11551706,Urban
zzy-223@8gf-g5w-nh5,71,0.022454139,Urban
zzy-222@8gf-ds9-kmk,72,0.17123975,Urban
zzw-225@8gf-r5g-yd9,72,0.032225385,Urban
222-222@8gf-r5g-rkz,72,0.12672584,Urban
222-225@8gf-g5t-dvz,81,-0.03417625,Urban
zzw-222@8gf-cvz-swk,44,0.15636195,Rural
223-223@8gg-tjj-9cq,56,0.36104807,Urban
zzy-222@63g-5k6-qpv,44,-0.22598134,Urban
222-222@8gf-dj2-5j9,44,0.21616362,Urban
225-229@63g-2ch-575,44,-0.019659758,Urban
zzw-222@63g-5kw-gx5,44,0.10176042,Urban
224-222@8gf-qfp-7kf,45,-0.01885508,Urban
zzw-222@8gf-dsz-w8v,52,0.23711804,Urban
22x-222@63f-kw6-k75,53,-0.1338046,Urban
223-229@8gf-r5g-3h5,54,0.17702033,Urban
222-22c@8gf-fw9-tqf,56,-0.1455855,Urban
222-222@8gg-7bj-swk,61,0.3570551,Rural
222-226@8gf-dq8-x3q,62,0.2510552,Urban
222-222@8gf-ds6-w49,62,0.2353283,Urban
222-225@63g-5tg-pgk,62,0.12503862,Urban
zzw-222@8gf-drk-nbk,71,0.13191995,Urban
225-22n@647-3qb-4gk,72,-0.03664656,Urban
222-222@63f-kts-y9z,72,0.36639318,Urban
zzw-222@8gf-fvc-k9f,72,-0.10250733,Urban
22n-222@63f-ktt-2rk,72,0.07441892,Urban
222-222@8gf-fpm-z75,81,0.31734332,Rural
222-222@647-5g7-v2k,81,0.2931408,Urban
222-226@8gf-r82-nkf,81,0.09093016,Urban
zzy-222@8gg-3j9-49z,81,0.0029710277,Urban
227-23h@628-xkm-35z,32,-0.17438745,Urban
236-23n@63g-5kf-3yv,44,-0.18666576,Urban
22f-228@8gf-rnq-2tv,54,0.0904032,Urban
287-222@8gf-dsq-835,54,-0.10215748,Urban
zzw-222@63g-2bw-v2k,81,-0.2679219,Urban
222-225@8gg-3k2-k4v,44,-0.09829543,Urban
222-223@8gf-dj3-nwk,44,0.0787457,Urban
226-223@63f-kss-pvz,44,-0.04237528,Urban
zzw-222@647-5jj-9zz,44,-0.20282257,Urban
222-223@63f-kjs-jqf,53,-0.16349263,Urban
zzw-222@8gf-dpf-p35,53,-0.03778556,Urban
222-223@647-5gd-f2k,61,0.17006321,Urban
zzw-222@63g-2jw-m49,61,0.2228113,Urban
222-22g@8gg-3jt-pvz,62,0.074350655,Urban
22r-222@8gg-d6f-j9z,62,0.25067338,Urban
zzz-222@8gf-fxq-28v,71,0.16400473,Urban
zzy-222@8gg-34c-hbk,71,0.17235248,Urban
222-222@647-35z-9vf,72,0.20239405,Urban
222-222@8gf-fw6-v9f,72,0.09460345,Urban
222-22c@647-5ht-mzf,81,0.4401664,Urban
23c-222@63g-2cf-d5f,92,0.19282794,Urban
226-225@8gf-dt2-st9,62,0.3650578,Urban
223-22s@63f-kvq-cyv,54,0.038954996,Urban
22y-223@647-3pr-ty9,81,-0.01844844,Urban
226-22c@647-5ds-qpv,81,0.26012263,Urban
224-225@8gf-fwp-skf,44,0.14708686,Urban
223-225@647-5fy-zmk,44,0.031638954,Urban
224-222@647-3qb-cnq,44,-0.0017487425,Urban
243-222@8gf-dsx-5vf,45,-0.08589877,Urban
222-229@8gf-qfn-5cq,45,0.14916272,Urban
zzw-224@63g-5m4-fj9,53,-0.029837212,Urban
222-236@8gf-dnh-sqz,54,-0.073841,Urban
zzy-223@647-3qb-6ff,62,0.2046758,Urban
zzy-222@8gf-dnh-grk,72,0.05799223,Urban
223-222@8g9-n5b-8gk,72,-0.03832502,Urban
zzy-222@8gf-btx-f9f,72,-0.0996045,Urban
223-222@63g-2cb-n3q,72,0.23569138,Urban
zzy-223@647-3mt-rff,71,0.29903203,Urban
zzw-22f@8gf-r7v-87q,44,0.027947761,Urban
zzy-223@647-3mx-66k,44,0.4161726,Urban
229-228@63g-2cv-gff,44,-0.20794365,Urban
223-227@647-5fz-hdv,44,-0.15988636,Urban
zzw-222@63f-ksw-nt9,44,0.39641714,Urban
222-223@8gf-dj3-x3q,45,-0.035538003,Urban
zzy-223@8gf-bt5-hqz,48,0.11927713,Rural
22m-24b@8gf-dss-tsq,52,0.2574292,Urban
22x-222@647-3qb-45f,52,0.22059622,Urban
222-222@8gg-3jm-rff,53,0.3418963,Urban
zzy-222@8gg-ctr-yy9,53,-0.12741323,Urban
zzw-222@8gf-qyq-7qz,53,-0.055571724,Rural
223-256@8gf-dst-gtv,54,0.04397393,Urban
22b-222@8gg-3gv-k9f,62,0.13445784,Urban
222-22b@63g-2cf-ysq,62,0.08894463,Urban
222-224@8gf-dsg-9fz,62,0.13841785,Urban
222-225@63f-kfq-6ff,71,0.008260792,Urban
227-222@8gf-bmm-hkf,72,0.10127589,Urban
222-223@8gg-3mr-bzf,72,0.19662201,Urban
zzw-223@647-3q9-y9z,72,-0.018850854,Urban
229-222@8gf-drr-7wk,72,0.20654976,Urban
zzy-227@8gg-bgt-jjv,72,0.21549404,Urban
zzy-225@8g9-nvc-5j9,72,0.12802893,Urban
zzy-222@8gf-r72-85f,33,0.2753317,Urban
226-222@8gf-qfn-9xq,44,0.050760716,Urban
223-222@8gf-dpv-835,44,-0.19575682,Urban
zzw-22b@8gf-dns-47q,44,0.12709865,Urban
223-222@8gf-dsx-tjv,44,0.104435444,Urban
zzy-223@8gf-q72-jgk,44,0.022934048,Rural
222-222@8gf-dqc-cqz,44,-0.055276323,Urban
224-222@8gg-d7k-9pv,44,0.12966307,Urban
22f-222@8gf-rxz-qxq,53,0.21365638,Urban
zzw-222@647-5ht-wx5,53,0.3556105,Urban
225-222@63f-vc9-fvf,53,0.23248924,Urban
222-22n@8gf-dst-ks5,54,0.3043721,Urban
zzw-222@8gf-rk3-f75,61,0.2005004,Urban
222-222@63f-m3h-xbk,61,0.28717256,Urban
zzw-223@8gg-s5r-ghq,61,0.12125372,Urban
222-22y@8gf-fnb-3bk,62,0.33910027,Urban
zzw-222@8gf-fvy-kzz,62,0.22761586,Urban
zzw-222@647-3qc-sdv,71,0.1611994,Urban
224-222@8gg-ctz-n3q,71,0.635954,Urban
zzw-223@63g-2d7-snq,71,0.027757294,Urban
zzy-222@647-5jd-73q,71,0.029559081,Urban
zzw-223@8gf-dpd-swk,71,0.32250383,Urban
223-222@8gg-cbv-j7q,72,0.04694987,Urban
223-222@8gg-3gt-6c5,81,0.21984708,Urban
222-22h@8gg-9s3-cdv,81,-0.22576378,Urban
222-25b@8gf-dt2-xwk,62,0.40691233,Urban
zzy-222@647-5g8-8vz,23,0.13830438,Urban
222-222@8gf-dsz-zmk,81,-0.08961844,Urban
222-224@63f-kkx-snq,44,0.13666037,Urban
zzw-224@8gf-dpv-9j9,44,-0.07381848,Urban
224-222@63g-54p-4n5,44,0.18904129,Urban
222-222@8gf-qwr-k4v,44,0.3143475,Rural
zzw-223@63g-5kg-c3q,45,-0.033712257,Urban
22k-222@8gf-dqh-5fz,53,0.22933048,Urban
222-222@647-364-p9z,53,-0.22252978,Urban
zzw-224@647-5j7-6x5,53,-0.1360035,Urban
zzw-223@8gf-fwp-t35,53,-0.1483403,Urban
zzw-229@63f-kw5-z4v,54,-0.3022809,Urban
223-22j@63f-kvq-ct9,56,0.036047544,Urban
222-222@8gg-7kn-jqf,61,0.3285956,Rural
222-225@647-36q-3bk,62,0.24313068,Urban
22c-223@647-526-yn5,71,0.07322767,Urban
zzw-222@8gg-3mb-vs5,71,0.13912363,Urban
zzy-223@8gf-dnh-grk,72,-0.106164314,Urban
zzy-222@8g9-nw3-bff,72,0.16967854,Rural
222-222@647-3gk-st9,72,-0.0046481797,Urban
222-222@8gg-3dq-ch5,72,0.006064191,Urban
223-225@8g9-hzw-ty9,72,0.21690905,Rural
222-223@8gg-3jw-n3q,72,-0.1571863,Urban
237-222@63g-5kf-3yv,32,0.014466495,Urban
227-223@8gg-d68-qmk,54,-0.18008623,Urban
222-222@8gg-3gv-k9f,62,0.15810247,Urban
227-222@8gg-3f2-fxq,81,-0.15114999,Urban
zzy-225@8gf-dsz-wzf,44,0.2787653,Urban
zzy-222@63f-m3h-y9z,44,-0.027757714,Urban
223-222@63g-2f6-g6k,44,0.11888286,Urban
zzw-224@63f-kw5-ffz,53,-0.035549235,Urban
zzw-224@8gf-dqd-mhq,53,0.22339246,Urban
227-222@8gf-dsz-dn5,53,0.012587374,Urban
223-22n@8gf-dst-gtv,54,0.34510267,Urban
22w-223@8gf-r5g-rff,54,0.11689644,Urban
223-224@8gg-3kf-whq,62,0.34350482,Urban
228-224@8gg-tkf-tqf,62,0.20958789,Urban
223-225@8gf-dq6-5pv,62,0.30142173,Urban
zzy-222@8gf-dsf-8sq,62,0.23668225,Rural
zzw-22k@8gg-3gv-hh5,62,0.29040912,Urban
222-222@8gf-fvy-pn5,62,0.24905309,Urban
zzw-222@63f-vbt-rp9,71,0.047937285,Rural
zzy-223@647-3qd-w8v,72,0.13511118,Urban
222-222@63g-2c9-5mk,72,0.34014678,Urban
229-225@8gf-dnh-4jv,72,0.24331775,Urban
222-228@647-5hr-ty9,72,0.124897264,Urban
zzw-222@8gg-d6v-fs5,81,-0.14202736,Urban
zzw-228@647-3gk-5fz,81,-0.1070578,Urban
zzy-222@63g-2cf-snq,51,0.012441389,Urban
229-223@63f-kkt-4gk,44,0.19304319,Urban
222-228@8gf-fvc-j7q,44,-0.013379343,Urban
226-222@647-364-4vz,44,0.17837952,Urban
222-224@8gg-7y2-4gk,44,-0.009528304,Rural
zzw-223@8g9-npd-psq,44,0.1769092,Urban
zzy-223@8gf-rmw-kfz,44,0.122386225,Urban
224-223@8gf-dsx-3yv,44,0.14910513,Urban
zzw-225@8gf-dnb-gff,45,0.0062043485,Urban
222-222@8gg-3jm-2tv,53,0.12884645,Urban
222-226@8gg-974-4vz,54,-0.2124565,Urban
zzw-222@8gg-3jg-2hq,61,0.070406824,Urban
222-226@8gf-dpd-nyv,62,0.26862225,Urban
22d-222@63f-kfn-sdv,62,0.12366474,Urban
zzw-224@8gf-dnh-6tv,62,0.22480139,Urban
223-228@63g-2c7-p9z,71,0.042560562,Urban
222-223@8gf-r75-9j9,72,0.09221657,Urban
223-222@8gg-crx-qzz,72,-0.0016656355,Rural
227-223@647-5hr-t35,81,-0.0708893,Urban
222-223@8gf-dpd-vzz,44,0.17398445,Urban
222-222@8gf-fns-5s5,44,0.11845307,Urban
222-222@63g-24r-fj9,44,0.15839595,Urban
224-222@8gg-34d-c3q,44,0.11381685,Urban
222-226@8gf-dnq-g49,44,0.27156734,Urban
222-222@8gg-3hv-y35,44,0.23236129,Urban
zzy-222@8gg-tgz-w6k,44,0.2518803,Urban
222-222@63g-5m8-c3q,44,0.07226784,Urban
23x-22f@8gg-d8q-nqz,45,0.15235828,Urban
223-222@8gf-dq5-4n5,53,-0.047467694,Urban
225-222@8gg-9tq-6ff,53,-0.16615961,Urban
22s-222@63f-m3j-2c5,62,0.3352722,Urban
zzz-222@8gf-rw3-tjv,71,0.11933098,Urban
222-22b@8gg-tkf-kzz,71,-0.021264633,Urban
23b-222@8gf-dst-k4v,72,0.029122418,Urban
225-222@8gf-rqp-swk,72,0.038048875,Rural
zzw-224@63f-kgh-btv,81,-0.09240726,Urban
23m-222@647-3qb-45f,51,0.20471446,Urban
222-228@63g-2cg-sqz,56,0.2996017,Urban
zzy-222@647-3fq-rx5,44,-0.110443994,Urban
zzw-224@8gf-dpw-389,44,0.22217008,Urban
222-229@8gf-dsx-3h5,44,-0.013184288,Urban
22h-222@63g-2bq-jy9,44,0.14724708,Urban
222-227@647-5jj-9vf,44,-0.3267263,Urban
zzw-222@8gg-3fk-qpv,44,0.021606222,Urban
zzw-227@8gg-3jt-sqz,52,0.06461147,Urban
zzy-222@8gg-d7h-sbk,52,0.31761464,Urban
222-223@8gg-d6v-b6k,53,0.15704082,Urban
222-22c@63g-5k5-x89,56,0.13894598,Urban
222-222@63f-kmf-4sq,61,0.18797609,Urban
22f-223@8gf-dt2-st9,62,0.08950501,Urban
zzw-223@8gf-dq6-2kz,62,0.0044306265,Urban
zzy-222@8gf-bwk-nnq,71,-0.09216627,Rural
225-222@63f-kvg-94v,72,-0.08636744,Urban
zzw-222@8gf-ddx-d9z,81,0.02078107,Urban
zzy-222@647-3mx-7qz,54,0.19185244,Urban
23c-222@8gf-r5g-2hq,54,0.034672644,Urban
3374-222@63f-kkx-87q,56,-0.056197528,Urban
222-222@8gg-tkf-ndv,44,-0.2868498,Urban
zzw-222@8gg-cts-2c5,44,-0.21574388,Urban
zzw-224@8gf-bwj-rzf,44,0.16186309,Urban
222-229@63f-kvj-p35,44,-0.08774542,Urban
222-227@8gg-77y-w49,45,0.1991818,Rural
222-22m@8gf-dnn-mc5,45,0.10723993,Urban
zzw-225@63f-kvq-nbk,52,0.11781653,Urban
zzw-222@63f-kkb-73q,53,0.23801926,Urban
227-223@8gg-3gw-mrk,53,-0.28625637,Urban
24s-228@8gf-dsb-vzz,54,0.18543412,Urban
22t-22b@8gf-dsz-xqz,54,0.26258722,Urban
222-222@63g-252-pd9,61,0.37827033,Rural
227-222@63f-km3-bzf,62,0.12009102,Urban
zzz-222@63g-2cf-bzf,71,0.30051208,Urban
zzw-222@647-5gb-qj9,71,0.17139985,Urban
zzw-224@63f-kkd-8n5,71,0.17221269,Urban
223-222@8gf-mkh-y9z,72,0.011770198,Rural
22f-222@647-5hp-mrk,72,-0.17759588,Urban
22c-223@8gf-qfp-gp9,23,0.08199496,Urban
zzw-224@63s-23y-2kz,81,0.06316765,Urban
zzw-222@8gf-dng-vmk,44,0.20175515,Urban
229-227@8gg-d8p-bx5,44,0.07652266,Urban
222-224@63g-2d7-mff,44,0.23340265,Urban
223-222@647-3nv-kvf,44,-0.03733586,Urban
222-222@8gg-crx-nh5,44,-0.11435622,Rural
zzw-223@8gf-mkh-ygk,45,0.29303747,Rural
227-222@647-3qc-whq,54,0.2679086,Urban
zzw-222@8gf-r7w-cdv,62,0.041606557,Urban
zzw-222@63f-km2-3kf,72,0.0019613903,Urban
223-222@8gg-9tq-ghq,72,0.21516566,Urban
222-22b@63g-54m-n3q,81,-0.32086846,Urban
223-223@8gf-dst-cdv,33,-0.033433337,Urban
222-223@8gg-3f7-789,56,0.026271785,Urban
zzy-22b@8gg-9tq-54v,81,0.16899799,Urban
223-222@63f-vcj-8y9,44,-0.03780712,Urban
zzy-222@63f-ktp-9mk,44,-0.15876776,Urban
222-222@8g9-np3-94v,44,0.000954628,Urban
zzw-222@8gf-tjm-gp9,44,-0.23315921,Urban
22p-222@63f-m32-zvf,49,-0.1409506,Urban
zzw-222@8gf-fnx-jd9,52,-0.03681916,Urban
22h-223@647-5dn-qj9,53,-0.05416928,Urban
32y-222@8gf-ftf-y35,62,0.023309607,Rural
zzz-222@8gf-fq2-qj9,71,0.12568608,Rural
22j-222@647-527-66k,71,-0.13156864,Urban
zzy-222@8gf-dsx-49z,72,0.019246405,Urban
zzy-222@8gf-fw8-h5z,72,0.12822853,Urban
223-225@63f-kv4-cbk,72,0.1498738,Urban
222-224@8gf-r5f-xwk,72,-0.09872121,Urban
222-222@8gf-rnb-gx5,72,-0.19603777,Urban
zzy-222@8gg-3mq-wzf,72,0.1899829,Urban
zzy-224@8gf-dps-tgk,81,0.025226796,Urban
zzw-222@63f-kn5-2ff,44,0.06891923,Urban
223-222@8gg-8wf-4d9,44,0.15919027,Rural
zzw-223@8gf-rf5-q9f,45,0.00947003,Urban
222-225@63g-483-3h5,45,0.103506535,Urban
zzw-222@8gg-3kc-brk,53,0.004795407,Urban
zzy-224@8gg-rqh-kfz,53,0.15144289,Rural
zzw-224@8gf-dq6-49z,62,0.16512649,Urban
zzy-222@63g-5tn-r8v,71,0.05645448,Urban
zzz-222@8gg-th9-rrk,71,-0.00031357823,Rural
222-222@8gf-dst-g49,72,-0.12816417,Urban
zzw-223@63f-m32-jgk,72,-0.04353527,Urban
zzw-227@8gf-dt6-649,72,0.08343161,Urban
zzy-222@8gg-9t5-835,72,0.049077634,Urban
zzw-223@8gf-dt2-xyv,62,0.05555855,Urban
zzy-223@63g-5tn-s5z,23,0.15609059,Urban
zzy-222@8gf-bw3-8gk,44,0.13903517,Rural
227-228@8gf-dns-45f,44,0.20445672,Urban
222-222@8g9-n4f-j5f,44,-0.13846761,Rural
222-222@8gf-pxb-vpv,44,-0.014878255,Urban
zzw-228@8gf-r7v-5s5,44,0.01801368,Urban
225-222@8gf-r5c-3nq,53,0.26121667,Urban
zzw-222@8gg-rxg-wzf,61,0.32201096,Rural
222-22f@63g-2f2-66k,62,0.29178846,Urban
225-222@63g-5m5-qpv,62,0.1384306,Urban
zzw-222@647-364-9fz,62,0.35811156,Urban
zzw-222@8gg-bwx-mrk,71,0.19788796,Urban
225-22t@8gg-9tn-5s5,72,-0.058407024,Urban
223-222@8gf-rkb-y35,72,-0.12429941,Urban
zzy-222@8gf-fwp-skf,72,0.07106835,Urban
223-224@647-3qh-ckf,44,0.12737727,Urban
228-222@647-5gf-zzz,44,0.16539162,Urban
222-224@63f-ktr-3qz,44,0.016553098,Urban
224-227@8gf-fng-q75,44,-0.20572996,Urban
zzy-222@8gg-5yc-j9z,44,0.051666714,Urban
zzw-223@8gg-wfj-kj9,44,0.15070724,Rural
222-222@63g-2vx-gkz,44,-0.041059308,Urban
222-224@8gg-3dz-z4v,44,0.2637904,Urban
223-222@8gf-ds4-mp9,49,0.073521666,Urban
zzw-222@647-37x-c89,53,-0.04268557,Urban
222-222@63f-kvg-p5f,61,0.26419044,Urban
222-222@8gg-3jq-nbk,72,-0.08917281,Urban
222-222@8gg-s5s-59f,72,-0.09069433,Urban
zzy-223@8gf-dsq-f4v,81,0.005310976,Urban
zzw-222@8gg-b8y-9j9,81,-0.002141483,Urban
222-22j@8gg-9tn-4d9,54,-0.11359573,Urban
zzy-222@8g9-nfh-rx5,44,-0.0054731946,Urban
zzy-222@8gf-hrr-p9z,44,0.09167385,Urban
223-222@8gg-cts-gc5,44,0.29651925,Urban
223-222@8gg-rwk-3nq,44,-0.0049938937,Rural
zzw-222@8gf-fnx-jgk,44,-0.039635163,Urban
227-224@647-5gz-2ff,45,-0.22754635,Urban
228-222@8gf-mkh-xyv,53,-0.13166615,Rural
zzy-222@8gf-dqd-kzz,53,-0.04339982,Urban
22g-222@63g-5kf-9j9,53,0.035113826,Urban
zzw-224@8gg-3jt-sqz,53,-0.10044639,Urban
zzz-222@8gf-r6y-j9z,71,0.11722423,Urban
222-222@8g9-hzg-p7q,71,0.2665499,Urban
226-222@647-364-7yv,71,-0.17064683,Urban
zzw-22d@647-5js-wzf,72,-0.17445287,Urban
223-222@8gf-qfm-v2k,72,-0.08038978,Urban
222-225@8gf-qfh-vvf,81,0.189686,Urban
zzy-222@8gf-fnk-yn5,48,0.10773453,Urban
222-223@8gf-r58-2kz,44,0.22308636,Urban
222-226@8gf-rkc-bhq,44,-0.025987731,Urban
223-225@8gf-dnh-dgk,44,-0.044064518,Urban
zzw-224@8gf-dt6-6hq,44,0.22049445,Urban
223-223@8gg-d67-r8v,52,0.11839196,Urban
zzw-223@8gg-tht-vs5,52,-0.10661168,Urban
zzw-222@8gg-34n-4y9,61,0.28205097,Urban
zzw-222@8gg-s5r-ghq,61,0.14152916,Urban
227-222@63f-kpk-fvf,62,0.3593706,Urban
zzw-222@8gf-dpr-e89,62,0.29569957,Urban
zzy-222@8gg-3gb-yvz,71,0.16164075,Urban
224-223@63g-2d8-cbk,71,-0.038471192,Urban
zzy-222@8gg-9xp-3qz,72,0.13339028,Urban
223-225@8gf-dt2-n3q,72,0.04693532,Urban
222-222@63f-m3h-yqf,72,-0.009163004,Urban
zzy-222@8gf-rny-jsq,72,0.2582625,Urban
225-222@8gg-cts-26k,72,-0.1625198,Urban
zzy-223@647-363-zxq,72,-0.21604727,Urban
222-223@8gf-dpd-dvz,81,0.2860224,Urban
222-227@8gf-dfh-6kz,71,0.27317196,Urban
223-222@8gf-qyq-7t9,72,-0.10510007,Rural
222-222@8gf-fv5-ch5,33,0.22759478,Rural
223-222@647-3q9-vvf,54,-0.107218556,Urban
225-222@8gb-khd-xqz,44,-0.049923588,Rural
224-222@8gf-hq7-vj9,44,0.030698914,Rural
222-223@647-3pr-yy9,44,0.079733916,Urban
222-222@8gf-rny-x89,44,-0.22534685,Urban
22g-223@647-3qm-d7q,44,0.2539631,Urban
222-228@8gf-ddx-7dv,44,-0.18591908,Urban
224-225@63f-kvj-rp9,44,0.2307311,Urban
222-222@8g9-njn-x89,44,-0.05741531,Rural
zzy-222@63f-kkb-gtv,53,0.047591593,Urban
233-222@8gf-px3-5vf,53,0.19794945,Urban
zzw-222@63k-yfg-z75,61,0.27884132,Rural
zzy-224@8gg-3gv-g6k,62,0.077612095,Urban
229-222@8gf-ddy-52k,62,0.18833816,Urban
222-223@8gf-mh4-g49,62,0.23928341,Rural
222-222@8gf-tjk-tn5,62,-0.065549254,Urban
zzy-224@647-3qb-73q,71,0.011692264,Urban
222-224@63f-kvq-d9z,72,-0.10576985,Urban
zzy-223@647-5hv-g6k,72,-0.18433642,Urban
227-222@8gg-9fg-yd9,72,0.20383999,Rural
26x-222@647-3q9-8jv,44,0.13431145,Urban
223-224@8gg-9tq-bkz,54,-0.08587598,Urban
zzy-224@8gg-3kw-qcq,56,0.14082536,Urban
222-224@8gb-kfz-q4v,44,-0.13810933,Rural
222-223@8gg-3jn-4n5,44,0.13894388,Urban
zzy-223@8gg-9tr-v9f,44,0.29967406,Urban
222-223@8gf-dtf-rff,44,0.28151774,Urban
zzw-223@8gg-3h7-975,45,-0.10522072,Urban
zzw-223@8gg-b8y-9j9,51,0.032979473,Urban
233-222@8gf-frc-rkz,62,-0.056953922,Rural
zzz-222@8gg-3mj-mzf,71,0.21567766,Urban
222-222@63f-m3d-cyv,71,-0.14379755,Urban
zzy-224@63f-kkd-8y9,81,0.22265328,Urban
zzy-222@8g9-n82-g8v,81,-0.14196922,Rural
222-222@8gg-62f-vfz,92,0.22997668,Urban
223-223@63f-ktv-vmk,23,0.35748214,Urban
234-225@8gf-dsp-ty9,56,0.11761135,Urban
zzy-222@8gg-9fv-rzf,44,0.048372377,Rural
223-222@8gf-g6s-vj9,44,0.2906209,Urban
222-222@8gg-2yy-cdv,44,0.35200003,Urban
222-222@8gf-dtg-89z,44,0.06912482,Urban
222-224@8gf-drv-mrk,44,-0.12410615,Urban
zzy-22h@8gf-r7v-5s5,44,-0.03319267,Urban
222-223@647-3nq-mhq,51,0.09689889,Urban
226-222@8gg-bgz-xbk,52,0.11860269,Urban
zzw-222@8gg-9sk-t5f,53,-0.21603125,Urban
zzy-222@8gf-fpk-bp9,53,0.10124422,Rural
223-223@8gf-hrk-5j9,54,0.1643541,Urban
222-224@647-529-vvf,61,-0.12468575,Urban
zzy-222@8gg-3gv-nwk,62,0.2800673,Urban
223-225@8gg-3gv-fs5,62,0.24617548,Urban
222-224@8gf-dt6-xwk,62,-0.014219096,Urban
zzw-222@647-5fw-skf,71,0.061833795,Urban
222-222@8gf-r7p-xwk,72,0.047162365,Urban
zzw-223@8g9-hyq-mc5,72,0.24283624,Urban
zzw-22d@8gf-bmc-3qz,81,0.24493922,Urban
zzy-222@8gf-bmc-575,62,0.33676293,Urban
225-224@8gf-q72-jgk,32,-0.064681716,Rural
222-222@8gf-qfn-5zz,44,0.033413198,Urban
22g-22b@63f-m3d-nnq,45,-0.15805729,Urban
222-22j@63f-hxm-n3q,45,-0.15752365,Urban
223-222@647-5gg-4d9,53,0.10153891,Urban
zzy-225@647-3qb-575,53,0.050827753,Urban
224-226@8gf-dtf-p35,53,0.21577904,Urban
22z-224@647-3qb-3yv,54,0.4214921,Urban
222-222@8gf-px2-575,61,0.14388044,Urban
222-222@8gg-78p-hh5,62,0.098790094,Rural
222-223@63g-2ct-ty9,62,0.39662775,Urban
zzw-222@8gg-9t7-r49,71,0.27053156,Rural
zzw-222@63g-2cb-f9f,71,0.018393494,Urban
zzy-222@8gg-254-tgk,72,-0.2429227,Urban
222-222@8gg-3jc-zs5,81,0.022279978,Urban
zzy-222@63g-54m-v9f,81,0.252082,Urban
223-22c@63f-kv3-snq,23,0.113808,Urban
228-222@647-3qc-w8v,44,0.08935418,Urban
225-224@647-3q9-f4v,56,-0.06989745,Urban
222-22f@63f-kjz-kmk,81,0.00082745694,Urban
222-223@8gf-dtz-f9f,81,0.17413796,Urban
222-222@8gf-pxs-psq,44,-0.011627313,Urban
222-226@8gg-d7p-6p9,44,0.270961,Urban
222-22c@8gg-3jt-q75,44,-0.08137864,Urban
224-225@8gg-98s-54v,44,0.033296425,Rural
222-222@63f-ksr-hyv,44,0.19171314,Urban
zzw-223@63g-5tn-26k,45,-0.046681657,Urban
225-222@8gf-hmb-8gk,45,0.20594794,Urban
228-222@8gf-fy2-47q,45,0.014790268,Urban
22d-223@8gg-tk9-6c5,49,0.013750307,Urban
222-223@8g9-nt5-sh5,61,0.3049848,Rural
222-222@8gf-fvz-p35,62,0.18753417,Urban
22c-222@8g9-nfh-sqz,62,0.367249,Urban
zzy-223@8gf-fqw-kxq,62,0.044950306,Rural
zzw-222@8gg-3gs-vfz,71,0.29014775,Urban
223-222@8gf-dst-gx5,71,0.045239463,Urban
zzz-222@8gf-fn6-gp9,71,-0.04480605,Urban
223-229@8gg-th6-fxq,48,0.17449075,Urban
zzy-222@8gg-3hw-8gk,54,0.008680329,Urban
227-222@63f-km3-vfz,81,0.042112026,Urban
22f-22n@63g-2cz-835,23,0.16411132,Urban
227-222@63g-2gj-t9z,44,-0.19642423,Rural
222-226@8gf-fxz-dgk,44,0.101294324,Urban
22c-224@63g-2d7-m8v,44,-0.03477684,Urban
224-222@63g-5kz-2tv,44,0.33998913,Urban
224-222@8gf-hpk-68v,45,-0.073737346,Urban
zzy-222@647-5h2-xyv,53,-0.111568816,Urban
22b-222@8gg-9r6-fvf,53,-1.3322541e-05,Urban
222-222@8gg-bgt-v9f,53,-0.18778431,Urban
zzw-222@63f-kjp-k4v,61,0.10827059,Urban
222-22p@63f-km3-c3q,62,0.35776284,Urban
zzy-222@8gf-dq5-6x5,62,-0.06325264,Urban
223-222@8gg-62j-2ff,72,0.019795433,Urban
zzw-222@8gf-r7t-b49,72,0.071162015,Urban
zzy-222@63f-kkv-8jv,72,-0.07639691,Urban
227-222@8gf-rw4-jsq,31,0.1554966,Urban
227-222@63f-kkm-n3q,44,-0.08570879,Urban
222-223@8gg-cvd-9zz,44,0.10495004,Urban
222-226@8gf-r7v-kj9,44,0.05405841,Urban
225-222@647-52p-rrk,44,0.36163375,Urban
zzw-222@63f-kjk-wkz,53,-0.10117254,Urban
zzw-222@8gg-3kd-2kz,53,0.045733143,Urban
zzw-223@8gf-rk4-75z,53,-0.15152258,Urban
zzy-222@647-5h7-tsq,53,-0.21682161,Urban
222-222@8gf-dv2-6rk,61,0.35330573,Urban
zzy-226@8gg-3kb-6c5,62,-0.052632,Urban
222-224@63g-2cv-fj9,62,0.18750167,Urban
zzw-222@8gg-9t7-jjv,71,0.054837704,Urban
223-222@63f-kkz-3t9,72,0.09513641,Urban
223-222@63f-kvs-2tv,72,0.14140794,Urban
222-222@8gf-drv-7h5,72,-0.15899955,Urban
zzy-224@647-37x-mkz,72,-0.03829196,Urban
224-222@8gg-9tr-45f,72,-0.061182015,Urban
224-222@63g-54m-vfz,72,0.09715125,Urban
222-224@8gf-dnb-z2k,81,0.20604438,Urban
223-225@63g-2bz-skf,44,0.31663978,Urban
223-228@8gg-3fj-hyv,44,-0.2265091,Urban
zzw-222@647-3nv-gx5,44,0.12475131,Urban
227-223@8gf-rf6-435,55,-0.09904246,Urban
zzw-222@8gf-q7p-n5z,61,0.27025297,Rural
222-223@63f-m7q-vpv,62,0.17615622,Urban
224-224@63f-kvp-nwk,62,-0.0031382388,Urban
222-226@8gf-r58-2kz,72,0.02142485,Urban
22x-222@8gf-dsb-h89,72,-0.11195242,Urban
225-222@8gg-b5d-jd9,72,0.053436223,Rural
223-222@63g-5jh-whq,72,0.06857888,Urban
22v-222@8gf-dt2-ndv,44,-0.069963686,Urban
222-222@647-3pr-yjv,44,0.039278205,Urban
222-226@8gf-r7w-9fz,44,-0.055578873,Urban
222-225@8gf-fpm-yvz,44,-0.19900416,Rural
223-222@8gg-9r6-jgk,51,0.30927148,Urban
222-222@63f-kky-y7q,51,-0.2774514,Urban
zzw-222@63f-kw5-zmk,53,-0.20126024,Urban
223-227@63g-2dz-4jv,62,0.24424192,Urban
zzz-222@8gf-dv4-45f,71,-0.04247874,Urban
222-222@8gf-dsb-9mk,71,0.01771414,Urban
222-222@63g-5jj-5fz,72,-0.15516648,Urban
zzw-222@8gg-34m-y35,72,0.30178162,Urban
zzy-222@8gg-3f6-gx5,72,-0.10429608,Urban
224-226@647-3q9-y7q,81,0.010479158,Urban
zzw-222@63f-m3j-c5z,62,0.22797109,Urban
222-223@8gf-rxy-4jv,44,0.16088003,Urban
zzw-223@8gf-fnx-8gk,44,0.15481228,Urban
222-224@8gf-hpj-pd9,44,0.12774971,Urban
222-222@63f-kjy-mc5,45,-0.24985857,Urban
225-223@8g9-hqm-r8v,53,0.16007064,Urban
zzw-222@8gg-9qz-5j9,53,-0.23996997,Urban
zzw-222@8gg-3g5-wkz,61,0.2912123,Urban
zzw-222@8gg-3kp-qcq,61,0.23662938,Urban
224-225@63g-5tf-n5z,62,0.1618816,Urban
225-223@8gf-dq5-zfz,62,0.23412001,Urban
zzw-222@8g9-nfh-td9,62,0.12257469,Urban
22f-222@63f-ksz-s5z,71,0.12173033,Urban
22c-22g@8gf-rxt-mc5,72,0.16612382,Urban
zzw-225@8gg-628-gtv,72,-0.016846288,Urban
223-222@8gf-r7m-dy9,72,0.031348504,Urban
zzw-223@63g-5tn-nh5,72,-0.04114695,Urban
22f-222@8gf-fy2-47q,81,0.25442025,Urban
223-228@8gf-dry-7yv,56,0.34272113,Urban
zzy-225@63f-kkd-8y9,56,0.13090412,Urban
zzy-222@8gf-dst-4n5,44,0.068927474,Urban
222-224@8gf-fns-5mk,44,-0.16322051,Urban
zzw-226@8gf-dqr-hnq,44,0.021274827,Urban
228-223@8gf-g4z-mp9,45,0.2252598,Urban
zzy-222@8gf-bkm-vxq,49,0.17231593,Urban
222-222@63g-2h6-f75,53,0.020401558,Urban
222-222@8gg-d7n-cyv,53,-0.22507298,Urban
222-222@8gg-9tq-jjv,53,-0.031712208,Urban
222-22k@8gf-dps-49z,54,0.20684037,Urban
222-222@8gf-dp9-mkz,61,0.16212723,Urban
zzw-222@63g-2c5-w6k,61,0.32100254,Urban
zzy-224@8gf-r7r-5zz,62,0.28125033,Urban
zzw-222@8gf-dq6-2kz,62,0.16018975,Urban
zzy-222@647-3qh-5mk,71,-0.08169839,Urban
zzz-222@8gg-d7f-xyv,71,0.2852966,Urban
zzw-225@63f-kvg-cqz,72,-0.080451936,Urban
zzy-222@8gf-dsy-9fz,72,0.111322574,Urban
222-22b@63g-2cg-zcq,81,0.18125372,Urban
222-224@8gf-fnh-8vz,81,0.11164513,Urban
22j-228@8gg-tkf-t9z,48,0.1168221,Urban
225-226@63f-kvp-nkf,56,-0.005297155,Urban
222-222@647-3ft-fj9,44,0.4273199,Urban
222-222@63f-ktm-7h5,44,0.13675185,Urban
zzw-222@63f-kjs-jjv,45,-0.22712202,Urban
zzw-222@8gf-g67-j35,61,0.13175705,Urban
222-222@8gg-d7q-5pv,61,0.30743545,Urban
222-222@8gg-3gs-vzz,62,-0.06948682,Urban
22t-225@63f-kr3-8qf,81,0.06653939,Urban
226-223@647-5gb-fxq,32,0.22378607,Urban
zzw-222@8gf-dk3-cqz,44,0.058677573,Urban
223-222@8gf-fg6-435,44,0.024354365,Urban
zzy-222@8gg-5yb-nyv,44,0.10478813,Rural
222-222@8gf-qx3-gzf,44,-0.010000554,Rural
zzw-222@8g9-kq5-3h5,53,0.26326242,Rural
zzw-222@8gg-b7x-rzf,53,0.102298096,Urban
zzw-223@63f-kkm-9xq,61,0.15406096,Urban
223-222@8g9-nnq-ghq,61,0.20676541,Urban
zzy-225@8gf-qfm-5xq,61,0.28033903,Urban
zzy-226@8gg-3jt-q9f,62,-0.10601044,Urban
223-222@8gf-fpj-g49,62,0.12863834,Rural
zzw-223@8gf-r79-6p9,62,0.11866853,Urban
zzw-222@8gg-3jt-y35,72,0.043681752,Urban
223-222@647-5fy-rff,72,0.13110411,Urban
227-223@63f-kjg-yn5,81,0.13910304,Urban
222-222@8gf-rny-wff,44,-0.14710645,Urban
224-222@63g-4pv-6tv,44,-0.16304345,Rural
228-222@8gf-rf5-rzf,44,-0.05422579,Urban
222-223@8gg-bh2-pqf,44,0.016430205,Urban
222-225@8gf-dnh-cyv,44,0.16916887,Urban
222-222@8g9-knx-yqf,44,0.030955173,Rural
223-222@8gf-fnb-jvz,51,0.16711666,Urban
zzw-224@647-3gk-5s5,53,-0.29918733,Urban
223-222@8gf-fnx-j7q,53,-0.03869958,Urban
224-224@63g-47y-75z,53,0.10404642,Rural
222-222@647-36q-9s5,62,0.2157434,Urban
zzz-222@8gg-ctv-skf,71,0.028585311,Urban
zzw-222@8gf-dn6-vxq,71,0.03357969,Urban
222-224@647-3qc-sqz,72,0.1517366,Urban
222-222@63f-kv6-bx5,72,-0.036496546,Urban
222-223@8gf-dsz-zj9,81,-0.038883455,Urban
222-222@63f-kjg-dy9,81,0.09762225,Urban
222-228@8gf-rkc-zpv,81,-0.11207752,Urban
zzy-222@8gf-fsp-66k,44,0.29710802,Rural
zzy-224@8gf-dpf-8n5,44,-0.0620668,Urban
zzw-224@8gf-fns-6ff,44,0.20290026,Urban
zzw-222@63f-m35-3nq,44,-0.21812695,Urban
222-223@63f-kjs-he9,44,-0.17186236,Urban
zzw-222@8g9-hpv-t35,44,0.06450084,Urban
22b-226@647-3qd-ygk,44,0.12854625,Urban
222-222@63g-2d8-8gk,44,0.1480006,Urban
zzw-223@8gf-dng-v4v,53,0.019270204,Urban
223-222@8gf-dnb-cnq,53,-0.074755274,Urban
zzw-224@647-364-q75,54,-0.16107951,Urban
zzw-222@8gf-rgk-mp9,61,0.22701423,Urban
zzw-223@8gg-95h-z75,62,0.18247873,Urban
222-227@63g-48c-b8v,81,0.023993108,Urban
zzw-224@63f-kvg-n5z,81,0.13331632,Urban
222-222@8gg-3gv-rx5,81,-0.19335371,Urban
zzw-22r@8gf-dt2-st9,62,0.3555925,Urban
222-224@647-3qb-rtv,23,0.09937504,Urban
222-223@8gg-crn-9fz,81,0.28988943,Urban
224-222@8gf-r7v-gtv,44,0.071379654,Urban
zzw-222@63f-kfd-6c5,44,-0.2656539,Rural
223-222@8gf-hcg-k4v,44,0.124250844,Rural
222-226@63f-kvz-8y9,44,-0.36438298,Urban
224-222@8gg-3dw-cnq,44,0.077258214,Urban
23x-226@8gf-dt2-35z,52,-0.35714525,Urban
223-226@8gf-dng-zvf,52,0.20389892,Urban
zzw-225@63g-2d3-9j9,52,0.09327181,Urban
22n-223@8gf-dq9-vfz,53,0.12387168,Urban
247-222@8g9-hqx-bp9,53,0.2487142,Urban
223-22k@8gf-dsq-59f,54,0.12047255,Urban
222-222@8gg-9tn-6x5,61,0.22784603,Urban
zzw-222@8gg-3gs-vmk,71,0.15543039,Urban
zzy-222@8gg-bzk-w6k,72,0.27387446,Urban
zzw-222@8gf-rsc-vvf,72,-0.056628287,Urban
22d-224@63f-kvq-jd9,81,0.3323658,Urban
222-227@8gg-byz-6hq,81,-0.17450172,Urban
223-223@8gg-3mh-47q,44,0.25317556,Urban
223-222@8gg-6ds-5j9,44,0.020890713,Rural
222-22n@8gf-dsz-wp9,44,0.13300087,Urban
225-222@8gg-bdc-d35,44,-0.17204429,Urban
224-225@63f-m3p-b8v,44,-0.28095245,Urban
222-226@63f-kv5-y7q,45,-0.051000178,Urban
229-222@63g-24r-h89,45,0.20045957,Urban
222-222@63g-2c5-jgk,51,0.23510385,Urban
222-222@8gg-34h-vvf,61,0.20514528,Urban
zzw-222@63f-kkv-mrk,61,0.33956644,Urban
227-222@63g-5td-tjv,62,-0.02614142,Urban
zzy-223@8gg-th9-qj9,62,0.17982483,Urban
222-223@647-3qc-td9,71,0.07441424,Urban
229-222@8gg-d7p-68v,71,-0.09776055,Urban
zzw-222@647-3nv-2rk,71,0.35606077,Rural
zzw-222@63g-2v3-649,71,-0.0373029,Rural
223-228@8gf-dnh-gp9,71,-0.071052015,Urban
225-222@8gf-fkf-ysq,23,-0.05648759,Urban
zzy-222@8gg-3m9-9cq,44,0.18672603,Urban
zzw-222@8gf-rny-89z,44,0.3427743,Urban
222-223@8gf-mkj-5cq,44,0.14940281,Rural
222-226@8gf-bmh-btv,44,0.2349645,Urban
225-223@8gg-9t7-fzz,53,-0.03274733,Urban
222-224@63g-5m8-fxq,53,-0.2542593,Urban
zzw-223@8gf-dvb-5cq,61,0.1818956,Urban
224-222@8gf-fkh-h3q,62,0.164379,Urban
222-222@8gf-fnp-nnq,71,0.28011444,Urban
222-222@8gf-r76-8y9,72,0.38900656,Rural
22k-22b@63g-5hn-hyv,56,-0.14747441,Urban
zzy-22b@8gg-bgt-gff,23,-0.07360622,Urban
223-222@8gg-3h8-d5f,44,-0.029100154,Urban
222-222@8gf-fxp-vfz,44,-0.25681597,Urban
zzy-222@8gg-974-3h5,44,0.078905694,Urban
223-222@8gg-bzg-tjv,44,-0.21473078,Urban
222-223@63f-m35-vs5,44,0.0578465,Urban
222-225@8gf-r7z-87q,45,0.40480602,Rural
zzw-222@63g-2c7-j7q,48,0.036506545,Urban
225-222@63f-vf5-5xq,52,-0.088105746,Urban
zzw-223@8gf-r7v-grk,53,-0.16151097,Urban
zzw-227@63g-489-yn5,53,0.11565631,Urban
zzw-222@647-3ng-ht9,61,0.24040969,Urban
zzw-222@647-5dr-75z,61,0.08298096,Urban
224-224@8gg-9sr-9j9,62,0.27444226,Urban
zzw-222@8g9-njw-4jv,71,-0.080524765,Rural
zzy-222@63g-483-mhq,81,0.21419686,Urban
23g-222@647-3q9-5pv,23,-0.031723578,Urban
zzw-222@8gf-fn9-qmk,44,-0.07255024,Urban
224-226@63f-kv8-r6k,53,0.18164767,Urban
222-225@8gg-62g-fmk,62,-0.056588102,Urban
222-228@63f-kn5-33q,62,0.23396513,Urban
zzy-222@8gf-dtf-pn5,62,0.1928594,Urban
zzw-222@8gg-3js-jy9,62,0.210842,Urban
222-222@8gf-drr-6c5,72,-0.07585231,Urban
zzy-222@8gf-g6k-j35,72,0.12409125,Urban
222-222@8gf-dsq-49z,81,0.060537804,Urban
222-223@647-5g2-pn5,81,0.330346,Urban
zzw-222@647-3q9-835,44,0.15716237,Urban
zzw-225@63f-kvp-nyv,44,-0.07296845,Urban
234-222@8gf-dng-tqf,81,0.28019303,Urban
zzy-223@8gf-rp5-gtv,44,0.23880482,Urban
224-223@63g-54p-4n5,44,0.13725363,Urban
223-222@8gg-9c4-bx5,44,0.002377763,Rural
zzw-222@8gf-fkk-2kz,53,0.08529066,Urban
222-222@8gg-77y-w49,53,0.08282691,Rural
223-222@63g-46c-st9,61,0.18507236,Urban
226-222@647-3qk-c3q,61,0.10864553,Urban
zzy-222@8gf-dsx-d9z,62,0.1237589,Urban
zzw-222@63f-km3-ct9,62,0.25477922,Urban
222-222@8gf-pz9-99f,71,0.13771005,Urban
zzw-222@63f-vf4-6p9,71,0.034817133,Urban
222-223@8gf-dsz-wtv,72,-0.027717425,Urban
222-223@8gf-fgc-t35,44,-0.196033,Urban
zzw-223@63f-kfn-hdv,44,-0.075713,Urban
223-224@63g-2jz-q9f,44,0.21075219,Urban
zzw-223@8gf-fwq-7t9,44,-0.32712102,Urban
223-223@8gf-g6r-wx5,44,0.16932331,Urban
222-223@8gb-khh-jn5,44,0.17051345,Rural
zzw-222@63g-2jw-xt9,44,0.046044175,Urban
222-223@8gg-tht-tjv,45,-0.21098831,Urban
zzy-222@8gb-kfc-mff,61,0.117511,Rural
225-222@63g-2gj-t9z,62,-0.01263362,Rural
222-222@8gg-9fg-4gk,62,0.22334673,Rural
zzw-225@8gf-dsz-vpv,71,-0.15246384,Urban
222-22n@647-5g5-gzf,71,0.14453024,Urban
223-224@8gf-dnc-j7q,71,0.15411685,Urban
225-222@8gf-g46-bx5,72,9.780219e-05,Urban
222-22g@8gg-ctr-yn5,81,-0.10136798,Urban
223-225@8gg-wp6-q75,23,0.109245226,Rural
zzy-222@8gf-fn9-4d9,56,0.023330595,Urban
222-222@8gf-r5p-v75,44,0.22224773,Urban
222-222@8gg-9cv-bc5,44,0.20351946,Rural
zzw-222@8gf-rnx-ysq,45,-0.06588241,Urban
zzw-222@647-3n2-j9z,45,-0.23966447,Urban
223-225@8gf-dv5-2x5,53,-0.07963257,Urban
zzw-223@8gf-dnh-33q,53,0.11875183,Urban
zzw-225@63g-2dv-8vz,54,-0.08211316,Urban
zzw-222@8gf-dk3-26k,61,0.1887587,Urban
222-222@647-5fw-vj9,61,0.3584703,Urban
223-222@647-3qd-9s5,61,0.1437858,Urban
22h-222@8gf-fnb-3bk,62,0.2578701,Urban
222-224@8g9-hyh-z4v,72,0.090323195,Urban
zzw-226@63f-kv8-r6k,44,0.038438052,Urban
222-223@647-3p6-dy9,44,0.16812319,Urban
zzw-222@8gf-dq6-nwk,44,-0.22823094,Urban
225-224@8gg-3fj-hbk,53,-0.1962185,Urban
zzy-222@8gf-dv5-975,53,-0.13234204,Urban
223-226@8gg-d7p-fs5,53,-0.28001228,Urban
222-222@8gf-fq2-tn5,61,0.33663458,Rural
227-22g@8gg-34m-v4v,62,0.057794504,Urban
223-222@8gg-s5s-3yv,62,0.14826725,Urban
zzw-222@8gg-2z9-45f,71,-0.006735251,Urban
zzw-222@8g9-nvc-5xq,71,0.115539424,Urban
zzw-225@8gf-dng-zcq,72,0.07552884,Urban
222-222@8gg-d6v-g8v,72,-0.14944911,Urban
223-222@647-3gk-k75,72,0.26415414,Urban
zzy-222@63f-km4-52k,72,-0.23267177,Urban
22k-222@647-3mw-rzf,81,-0.18860029,Urban
222-222@8gf-r9z-vcq,33,-0.17212813,Rural
zzy-222@8g9-hqx-x5z,81,-0.03446511,Urban
222-222@8gf-fw9-k75,44,-0.21588822,Urban
223-223@63f-kvb-vfz,44,-0.21709828,Urban
222-222@8gf-t47-kmk,44,0.029768225,Rural
222-222@8gg-3j3-87q,44,0.29940093,Urban
223-224@63f-m3d-f2k,52,-0.002080426,Urban
225-225@8gg-d67-qvf,53,0.13161626,Urban
zzy-224@8gf-pxb-45f,53,-0.23663548,Urban
222-223@8gf-fpj-bhq,53,0.20855606,Rural
zzw-223@8gf-rn8-sdv,54,-0.06716831,Urban
zzw-222@8gg-253-z9f,61,0.1863241,Urban
224-225@8gf-fhy-qxq,62,0.06421147,Urban
222-222@8gf-qfp-mp9,71,0.12816224,Urban
222-222@8gg-3jt-y5f,72,0.046615757,Urban
23h-222@647-5hx-dy9,72,-0.17987536,Urban
224-228@8gf-dqr-hbk,72,-0.09287759,Urban
222-22b@8gg-d7q-jd9,81,-0.041394442,Urban
222-22r@63f-ksr-dd9,44,0.10192897,Urban
22c-222@8gf-fs4-gtv,81,-0.07971372,Rural
222-224@8gf-fmy-dvz,23,0.118395306,Rural
zzw-224@8gf-rhz-85f,44,0.0045726444,Rural
222-225@63f-m3j-c3q,44,-0.039500274,Urban
zzw-222@63g-2cb-cyv,44,0.17112194,Urban
22n-222@8gf-fnx-kxq,44,0.11110682,Urban
226-223@647-5jj-6x5,51,-0.11467869,Urban
22b-222@63f-kv7-52k,53,-0.07354578,Urban
223-223@8gf-bmn-45f,62,-0.03571079,Urban
zzw-228@8gf-dsf-pgk,62,0.09598395,Urban
222-222@8gf-dtg-8n5,72,0.26768556,Urban
zzy-222@63f-hrn-pjv,33,0.37262577,Urban
222-226@8gg-95h-vfz,44,0.19458306,Urban
222-222@63f-ksv-8gk,44,-0.059073213,Urban
22d-223@8gg-ctz-nt9,45,0.34914184,Urban
zzy-22q@63k-ygj-7t9,45,-0.022636078,Rural
222-222@647-3mr-6rk,52,0.2895236,Urban
26p-228@8gf-dst-m6k,52,0.37273255,Urban
zzw-222@8gg-3f4-k9f,61,0.19503424,Urban
237-222@8gg-3gv-k9f,62,0.1492771,Urban
222-22b@8gf-dps-t35,62,0.10535797,Urban
222-227@8gg-9sp-kmk,62,0.16977556,Urban
zzy-222@63g-2c9-tqf,71,0.14914212,Urban
zzz-222@8gf-dsw-yvz,71,0.39471275,Urban
zzy-222@63g-46h-wx5,71,0.11583061,Urban
zzw-222@8gg-tgv-fs5,71,0.077322684,Rural
232-222@63f-kw5-fxq,71,-0.06563577,Urban
zzy-22c@8gf-g5z-33q,81,-0.0050113564,Urban
223-222@8gg-3fv-c89,81,0.08750622,Urban
222-222@8gg-9tr-45f,44,0.209935,Urban
22j-223@647-3qd-575,44,0.1775298,Urban
223-224@647-5gs-h5z,44,-0.1386781,Urban
222-226@8gf-fkg-q2k,44,0.36096662,Urban
zzw-222@647-3ft-cwk,44,0.09436071,Urban
223-224@8gg-ct5-cqz,44,0.28683984,Urban
223-223@63g-5m7-kj9,44,0.19179909,Urban
zzw-223@63f-kvw-7yv,44,0.21452951,Urban
zzw-223@63g-5tn-m8v,53,0.059516244,Urban
222-222@8gf-dkv-bff,61,0.09859485,Rural
227-222@647-5js-x5z,61,0.20434828,Urban
zzw-227@8gf-dsg-9s5,62,0.16165175,Urban
zzw-22b@8gf-dq6-49z,62,0.13592087,Urban
224-222@8gf-dps-sdv,62,0.11154622,Urban
222-223@647-3qm-7h5,71,0.11717638,Urban
zzw-222@8gf-g4w-cyv,71,0.119856164,Urban
222-222@8gg-9t8-mzf,72,0.053075045,Rural
224-222@8gg-9sp-td9,72,-0.10624075,Urban
222-222@63f-m3q-hkf,72,-0.14170234,Urban
zzy-223@8gf-hpk-73q,72,-0.020396229,Urban
zzy-222@8gg-7xc-xbk,23,-0.020457167,Rural
zzw-222@8gf-dpr-p9z,44,0.17845449,Urban
222-229@8gf-fxz-rzf,44,-0.11490882,Urban
zzw-226@647-3qb-dgk,44,0.3335137,Urban
zzw-222@8gf-dq6-nyv,53,-0.12962008,Urban
222-227@8gf-dsz-wx5,72,0.03660531,Urban
223-228@8gf-dsz-xqz,72,0.2837862,Urban
222-222@8gg-9tq-fj9,72,0.13378453,Urban
228-223@8gf-fww-gzf,81,0.0017716812,Urban
zzy-222@8gf-fvw-jvz,23,0.036958486,Rural
227-222@63g-2ch-4y9,44,-0.20989582,Urban
224-222@8gf-bw2-hh5,44,0.33944395,Urban
zzw-222@8gg-3gs-92k,44,0.15933047,Urban
224-222@647-5h7-td9,44,-0.010193543,Urban
zzw-222@63f-ktp-bc5,45,0.089680225,Urban
zzw-225@8gg-254-5vf,45,-0.12895168,Urban
zzy-223@647-5br-p9z,52,-0.113856204,Urban
zzw-229@647-3qc-rkz,52,0.2076956,Urban
zzw-222@8gg-d6v-9vf,53,-0.23157834,Urban
229-223@647-5gf-zzz,53,-0.18670017,Urban
222-222@8gg-3gt-cyv,53,0.120740615,Urban
zzw-222@8gf-rk7-zxq,61,0.24226978,Urban
zzw-222@647-3qf-87q,71,0.18659902,Urban
223-223@8gg-3dq-f9f,71,0.11753263,Urban
222-222@63g-2dw-35z,72,0.18327498,Urban
zzw-22r@8gf-dt2-xyv,62,0.065555684,Urban
222-222@8gf-fxp-rtv,44,-0.062327817,Urban
zzw-225@647-3my-8jv,44,0.08238101,Urban
222-224@8gg-3jd-4gk,44,0.2093828,Urban
zzy-223@63f-ktd-6hq,44,-0.15877171,Urban
zzw-222@8gf-hrv-mzf,44,0.15658554,Urban
zzw-222@63g-45y-snq,44,0.14871188,Urban
222-225@8gg-3gs-sqz,52,0.27984354,Urban
zzw-222@8gg-bjn-3yv,61,0.3290792,Urban
zzw-222@8gg-tkb-c3q,61,0.18338095,Urban
222-222@8gf-dsw-26k,61,0.3202525,Urban
22t-224@8gg-3gv-g49,62,0.15374419,Urban
zzy-222@8gf-dt2-6c5,71,0.14043742,Urban
zzy-238@8gg-wfj-ghq,72,-0.026510166,Rural
222-222@647-3q2-9s5,72,-0.022817893,Urban
zzw-224@8gf-dpr-zmk,72,-0.20163386,Urban
zzw-222@8gf-drv-x3q,81,0.08025737,Urban
zzy-223@8gf-dt2-92k,81,0.08675055,Urban
225-222@8gf-g4y-zxq,81,0.09701794,Urban
zzw-22k@8gf-dt6-6tv,44,0.37504455,Urban
223-228@8gf-g6s-vj9,44,0.2748527,Urban
222-222@8gg-9tf-kpv,44,0.14402002,Urban
zzy-227@8gf-fnx-8sq,44,-0.16428274,Urban
zzy-222@63g-5k5-b8v,53,-0.07279696,Urban
222-222@63k-ycw-x3q,61,0.25356886,Rural
zzy-223@8gg-3js-5cq,61,0.35731766,Urban
222-222@8gg-9sq-k2k,61,0.13827331,Urban
zzz-222@8gg-rqg-m49,71,-0.13136771,Urban
222-222@8gg-3jt-zs5,72,-0.030445322,Urban
222-223@8gf-ddy-73q,81,-0.10153208,Urban
222-222@647-5dy-8y9,44,-0.35255796,Urban
227-223@8gg-d6j-d35,44,0.22166759,Urban
zzw-222@8g9-npd-85f,44,0.106171325,Urban
zzw-222@8gf-fvn-nt9,44,-0.022187652,Rural
223-224@8gf-hpk-789,44,0.38700685,Urban
zzy-222@8gg-byz-7nq,45,-0.05701375,Urban
222-222@63f-ktq-54v,51,-0.020874681,Urban
zzw-223@8gf-dsq-5j9,52,0.114880756,Urban
227-222@63g-2d2-zcq,53,0.1405553,Urban
222-223@8gg-9ry-vcq,61,0.38259,Rural
zzy-223@8gf-hrr-y9z,61,0.1696322,Urban
zzw-222@8gg-tnx-dy9,61,-0.07213331,Rural
223-225@8gf-fvz-r49,62,0.07815052,Urban
zzw-222@63f-m39-2hq,71,0.10804598,Urban
222-224@63g-2h4-9s5,72,-0.06510739,Urban
zzy-222@647-3mw-35z,72,-0.07865405,Urban
222-222@8gg-3jx-cdv,72,-0.0003206802,Urban
223-222@8gf-dqv-grk,72,0.2775163,Urban
22n-223@647-3n6-8gk,72,0.24285415,Urban
224-226@647-3qc-wff,72,0.14751384,Urban
222-222@63g-5jj-435,72,0.03545699,Urban
zzy-222@8gg-3mn-xqz,48,-0.08770336,Urban
zzw-222@63g-5m9-9vf,44,-0.13272671,Urban
223-222@8gg-9sw-f4v,44,0.016609523,Urban
22g-22d@63g-2bz-qxq,44,-0.13113455,Urban
222-224@8gg-3kb-dgk,44,-0.18364103,Urban
zzw-222@8g9-hyn-jd9,44,-0.0044102743,Urban
223-222@8gg-959-v75,44,0.09783409,Urban
222-222@8gg-3dg-b49,44,0.22327867,Urban
zzw-223@8gg-s5s-7kf,44,-0.1686649,Urban
222-222@63f-m3j-73q,51,0.078017324,Urban
222-222@8gf-fn9-jsq,61,0.39803764,Urban
zzw-222@8gf-hqs-z2k,61,0.2708683,Rural
zzw-222@8gg-3f5-x5z,62,0.26702517,Urban
22p-223@63g-2cf-bx5,71,0.08724541,Urban
222-227@63g-5kz-66k,71,0.19422185,Urban
227-222@8gg-9sq-v9f,71,0.1567725,Urban
222-222@63f-kw6-bp9,72,0.033687435,Urban
222-226@8gf-dst-jqf,48,0.25299895,Urban
zzw-222@8gg-628-gkz,44,0.2807658,Urban
222-222@647-3gk-vvf,44,-0.29575542,Urban
zzw-222@8gf-frt-sh5,44,0.17527217,Rural
zzy-226@8gf-fpj-ht9,44,-0.11975116,Rural
225-222@63g-5m9-gp9,45,-0.16788067,Urban
zzw-222@8gg-3k2-7yv,45,-0.009335395,Urban
zzw-223@63g-5jh-t9z,53,-0.013786756,Urban
zzw-222@8gg-s5x-xkf,61,0.2621761,Urban
222-225@8gg-d68-5zz,62,0.1295318,Urban
zzz-222@63g-2c7-jsq,71,0.1276797,Urban
222-222@8gf-qwr-w49,71,-0.039323017,Rural
222-223@8gf-r7p-rff,72,-0.14956613,Urban
222-222@8gg-d7p-hbk,72,0.04490982,Urban
222-222@647-3qc-r8v,72,0.19447663,Urban
222-222@63f-kjs-whq,72,-0.15397541,Urban
zzw-222@8gg-cts-7wk,81,0.07933298,Urban
zzy-222@8gg-bvh-3h5,23,-0.071990184,Rural
222-223@8gg-s5m-6hq,61,0.11192374,Urban
222-223@8gg-d6v-c89,44,0.0028474114,Urban
222-222@63f-m3d-nt9,44,-0.30503085,Urban
222-222@647-5dn-fpv,44,-0.11743966,Urban
zzw-223@8gg-d42-qcq,44,0.031062618,Rural
222-222@8gf-g2w-d9z,44,0.15084112,Urban
222-222@8gf-rxz-syv,44,-0.13872127,Urban
222-223@63f-m3h-yd9,53,-0.013547464,Urban
zzy-223@63k-yfh-nbk,61,0.124580935,Rural
22d-222@8gf-dq6-49z,62,0.15774179,Urban
22g-222@63f-kv7-89z,62,-0.050361734,Urban
zzy-222@63g-48c-47q,71,0.051410735,Urban
zzy-222@8g9-hqx-ht9,72,0.13421845,Urban
zzw-226@8gf-dsz-8y9,72,-0.07520879,Urban
22b-222@8gf-dtz-rff,81,0.04109509,Urban
227-222@8gg-d8w-rhq,81,0.077287026,Urban
227-223@8gg-bgt-v9f,81,-0.3390373,Urban
223-223@8gf-frs-pvz,81,0.096717216,Rural
222-223@8gf-fpj-mc5,44,0.1443741,Rural
zzw-225@8gf-pxb-2hq,44,-0.2542912,Urban
226-223@8gg-3gn-dd9,44,0.045302715,Urban
zzw-223@8gg-bgw-yqf,44,-0.029481215,Urban
24k-23b@63f-kvg-8n5,44,0.03450661,Urban
zzy-222@8gf-dqf-cdv,45,0.0892789,Urban
zzw-222@8gf-dv9-3yv,49,0.18718338,Urban
22j-225@647-5h2-yjv,53,-0.13036983,Urban
zzw-223@8gf-dsb-bx5,53,0.084769554,Urban
222-225@8gg-d7h-r49,71,-0.0038330627,Urban
229-223@8gf-pgs-whq,71,-0.14013456,Urban
222-222@8gf-dqd-x89,72,-0.011870832,Urban
226-222@8gg-bwg-9mk,23,-0.05256611,Rural
22c-222@8gf-dtf-nkf,23,0.3139321,Urban
zzy-222@8gf-fzt-c5z,44,0.103070214,Rural
222-223@63f-kkn-rc5,44,0.01841787,Urban
227-222@8gg-b8y-btv,53,-0.1707027,Urban
224-224@63f-kkw-t7q,53,0.097265035,Urban
224-222@647-5gz-2ff,53,-0.18094014,Urban
zzw-222@8gf-dpt-cyv,61,0.14137158,Urban
zzw-222@63g-4p8-6tv,62,0.053790748,Rural
222-227@8gg-34m-v4v,62,-0.006507816,Urban
zzz-222@63g-2cg-zj9,71,0.0042314893,Urban
zzy-222@8gf-f5z-gtv,71,0.508205,Urban
223-222@8gf-fw7-7wk,72,-0.17773809,Urban
222-222@8gf-rk4-6hq,72,-0.09843814,Urban
zzw-222@8gf-rkc-b49,81,0.23516461,Urban
zzw-223@63f-kv3-7qz,81,-0.106706776,Urban
223-222@63f-kr6-8d9,44,-0.13172439,Urban
zzw-223@8gf-r7v-m6k,44,0.1597922,Urban
zzy-222@8gf-rn8-w6k,44,0.13097213,Urban
zzw-223@8gg-d68-qmk,44,-0.25582352,Urban
222-223@8g9-hqx-gc5,44,-0.05931209,Urban
zzw-224@8gg-th6-m6k,44,-0.1271079,Urban
223-222@8g9-npj-6rk,44,-0.03263482,Rural
222-222@8gg-b7q-vxq,61,0.36409134,Rural
zzw-222@63f-m32-575,61,0.06517135,Urban
zzw-222@8gg-s5m-47q,71,-0.07505317,Urban
zzw-222@8gg-bwk-j35,71,-0.083116464,Rural
222-222@8gg-78j-sh5,71,0.24425246,Rural
222-222@63f-kw6-h89,72,-0.09055348,Urban
222-226@8gf-fn9-rff,72,0.11545803,Urban
zzy-222@8gg-3fg-v75,72,0.19405034,Urban
zzw-225@647-5hr-v2k,44,-0.17352922,Urban
zzw-224@8gf-ddx-dd9,44,0.2626496,Urban
22g-223@63g-5hg-2kz,44,-0.18257526,Urban
zzw-222@63f-km3-7t9,44,0.17000605,Urban
23j-222@8gf-dtf-p7q,53,0.14879172,Urban
22n-226@8gf-dsx-575,56,0.21584035,Urban
222-223@8g9-k7q-5j9,61,0.3118262,Rural
zzy-222@8gg-rqj-8jv,62,-0.12098678,Rural
zzy-224@8gg-tkb-f75,62,0.154071,Urban
222-222@647-5gy-p7q,44,-0.28438035,Urban
222-223@8gf-m7y-vs5,44,0.010885762,Rural
222-222@8gf-fwd-mff,44,0.24312612,Rural
222-222@8gg-b7j-8y9,44,-0.14908314,Rural
222-225@63g-2d2-wrk,45,0.20394069,Urban
222-223@63f-kvz-8y9,45,-0.36379063,Urban
229-222@8gf-dt4-z9f,61,0.29189363,Urban
223-223@8gg-62h-bhq,62,-0.0260835,Urban
zzz-222@63g-2h6-qpv,71,0.015693657,Urban
zzw-222@8gf-g6j-8jv,71,0.24057561,Urban
223-222@63f-ktt-2p9,72,0.11520007,Urban
zzy-224@8gg-3jv-4vz,72,0.14125414,Urban
222-222@8gg-34j-n3q,72,0.23342331,Urban
225-222@8gf-bmb-yvz,81,-0.090957955,Urban
222-224@8gg-csz-xbk,44,-0.08276198,Urban
223-222@8gg-b58-3nq,44,-0.07312935,Rural
zzw-224@8gf-ds6-rff,44,0.22923055,Urban
222-223@647-5hv-tn5,44,-0.010049907,Urban
222-222@8gf-fn9-rff,53,-0.10188166,Urban
226-22c@8gg-d7p-89z,54,0.14123374,Urban
225-222@8gg-254-vmk,62,-0.049446583,Urban
229-227@8gf-ddy-52k,62,0.21630502,Urban
zzw-222@8gg-tht-mzf,72,-0.037639946,Urban
zzy-223@647-5jp-6x5,81,-0.009715673,Urban
zzy-222@8gg-3h9-v9f,81,0.20664807,Urban
zzy-222@8gg-dh4-wff,44,0.007638162,Rural
222-224@8gf-swx-g8v,44,0.10317099,Rural
222-227@8gg-3gv-cdv,44,0.20420185,Urban
222-226@63g-5td-vzz,44,0.32712433,Urban
222-225@63g-2c9-49z,45,0.07507153,Urban
zzw-222@8gg-3fj-jgk,53,-0.06668246,Urban
222-224@63f-kv5-y9z,53,-0.0029231925,Urban
222-223@8gg-62d-575,53,0.04895482,Urban
222-225@8gf-drr-6c5,55,0.27956846,Urban
zzw-222@8gg-rjk-xkf,61,0.19241478,Urban
zzy-222@63f-kmm-x5z,71,0.25695792,Rural
zzw-222@8gf-r67-zxq,71,0.33906236,Urban
222-227@8gf-dv6-3t9,72,-0.08073676,Urban
zzy-222@8gf-dt2-bp9,72,0.090991616,Urban
222-222@8gf-dq5-kpv,72,0.013189424,Urban
zzy-228@647-3qd-ct9,72,0.082083195,Urban
228-222@8gf-qfm-vmk,54,0.049566362,Urban
223-222@8gf-dsz-zj9,31,-0.04732083,Urban
222-224@8gg-3gv-cdv,44,-0.17016992,Urban
222-227@63f-kjy-m6k,44,-0.24907456,Urban
224-222@8gg-3kg-8d9,53,0.14643088,Urban
222-222@63g-5hf-s5z,61,0.45966253,Urban
zzw-222@8gf-dfh-33q,71,0.12136318,Urban
222-222@63g-5m9-dsq,72,0.27244234,Urban
zzw-222@8gf-dpg-xbk,81,-0.05291608,Urban
222-222@8gg-bcv-wc5,81,0.027929218,Urban
zzy-222@63f-kk3-85f,23,0.06836203,Urban
zzy-222@63g-5qd-nyv,44,0.13834159,Rural
222-223@8gg-3fv-cbk,44,0.016808184,Urban
zzy-222@8gg-c2b-35z,44,0.18759094,Rural
222-224@8gg-crx-kvf,44,0.16285266,Rural
zzy-222@63f-m33-26k,53,-0.18386932,Urban
222-225@8gf-qws-rrk,56,0.109065704,Rural
zzy-222@8gf-mht-5xq,61,0.15155469,Rural
zzy-222@8gg-d68-ffz,62,0.039003465,Urban
223-222@63g-5hq-syv,71,0.18400772,Urban
223-222@63g-5mb-fvf,72,0.102752104,Urban
2ct-222@63f-kkx-87q,72,0.2584833,Urban
222-222@8gf-m7y-vs5,72,-0.1599298,Rural
22f-222@63g-5jg-9cq,81,0.1898149,Urban
zzy-222@63f-ktd-8vz,48,-0.07048065,Urban
22q-222@63f-kvq-cbk,44,-0.048908442,Urban
zzw-225@8gb-kft-bx5,44,-0.22416104,Rural
222-223@8gg-thv-f2k,44,-0.05716644,Urban
zzw-223@8gf-dsc-85f,52,-0.07601047,Urban
223-222@8gf-fnx-nyv,53,-0.15395051,Urban
227-222@63g-2dx-q9f,53,0.15513377,Urban
222-222@8gf-dj9-xwk,53,0.12523149,Urban
zzy-222@8gf-r62-fcq,53,0.10766068,Urban
223-223@63g-2c9-649,72,-0.34873715,Urban
222-226@63f-kjz-x89,81,0.20600691,Urban
22b-224@8gg-3m5-r49,81,0.02393042,Urban
223-222@8gf-rny-9fz,44,-0.092581734,Urban
22c-222@8gg-b7x-rx5,44,0.11488581,Urban
225-222@8gf-dsb-bp9,44,-0.1117081,Urban
zzy-222@8gf-dq5-kvf,44,0.108171836,Urban
222-223@8gf-rny-w6k,44,0.04743674,Urban
226-223@8gf-hgv-td9,44,0.23429501,Urban
222-224@8gg-3gq-y5f,44,0.3027308,Urban
22c-222@8gf-rnr-2c5,52,-0.09113002,Urban
224-229@63f-kw5-zmk,53,-0.2400326,Urban
zzw-228@63f-m33-28v,53,-0.18216705,Urban
222-22n@8gf-dt2-3nq,62,-0.28516743,Urban
zzz-222@8gf-r5f-2ff,71,0.094393015,Urban
zzw-222@8gf-fv7-z9f,72,-0.053020354,Urban
222-222@647-3nx-73q,81,0.21145087,Urban
zzy-222@8gg-346-bzf,56,0.10345385,Urban
zzy-222@8g9-hsf-djv,44,-0.13305607,Urban
zzy-223@8gg-2z8-zxq,44,-0.02973766,Urban
225-223@8g9-nfj-m49,44,0.14078702,Urban
222-226@8gf-r79-x89,44,0.07561639,Urban
222-222@63f-kt8-hyv,44,0.23056842,Urban
222-224@8gf-ddx-d5f,44,-0.022598628,Urban
223-222@8gf-bw7-2x5,44,0.14065444,Urban
zzy-224@8gf-fkq-brk,45,0.33111784,Urban
zzw-222@63g-28h-hqz,52,0.2945481,Urban
222-223@63f-ksq-kxq,53,0.062450685,Urban
223-223@8g9-hzg-nh5,62,0.38891613,Rural
222-235@8gg-3gt-435,62,0.15534742,Urban
zzz-222@8gf-ddp-5mk,71,0.32684293,Urban
222-222@8gg-9gg-6tv,72,-0.17438607,Rural
zzy-222@8gg-9sm-7dv,72,0.08719596,Urban
zzy-222@8gg-3hb-cqz,81,0.24596463,Urban
zzy-223@63g-47p-6p9,23,0.22861896,Urban
zzy-223@8gf-dry-h3q,81,0.097509444,Urban
zzw-224@63g-2dv-zfz,81,0.24915487,Urban
222-223@8gf-g5z-52k,44,0.1957047,Urban
222-226@63g-5td-ty9,44,0.09234203,Urban
zzw-223@63g-46k-fmk,44,0.13896313,Urban
zzy-223@63f-kvg-94v,44,-0.072858796,Urban
zzw-224@8gf-r7m-mhq,44,0.1227375,Urban
22d-22d@8gf-hpm-47q,45,-0.33446765,Urban
224-222@8gf-qwx-jvz,53,-0.08558633,Rural
zzy-222@8gg-tgs-3bk,61,0.08984058,Urban
222-224@8gf-ds6-85f,71,0.024213199,Urban
zzz-222@8gg-rqg-mkz,71,0.0843469,Urban
zzw-222@8gg-ddc-6rk,72,0.24214743,Rural
zzw-222@647-5hw-m8v,92,-0.18794613,Urban
222-223@8gg-3g9-x3q,54,-0.13026775,Urban
222-222@8gg-9fp-2rk,81,-0.039832853,Rural
229-222@8gf-ds6-vvf,44,0.2229598,Urban
222-224@8gf-fnb-n3q,44,-0.21784174,Urban
zzw-222@647-37x-ch5,44,0.011926832,Urban
222-22c@8gf-qfm-p9z,45,0.11068208,Urban
zzy-223@63g-2cf-q9f,45,-0.014539878,Urban
zzy-222@647-5hp-mkz,53,-0.14866996,Urban
zzy-225@63f-kv9-2rk,53,0.053222273,Urban
223-222@8gb-kwc-brk,53,0.05144567,Rural
222-222@8gg-thq-xt9,61,0.34023732,Rural
226-222@63f-kjz-vj9,62,0.2392893,Urban
zzy-222@647-3mv-9pv,71,0.10368298,Urban
224-222@63g-47x-5s5,72,0.010344194,Rural
222-222@63f-kw6-nqz,72,-0.020217203,Urban
zzy-222@8gg-3f5-8y9,48,0.12937415,Urban
zzw-222@8gb-ns3-3bk,44,-0.34092084,Urban
zzw-222@8gf-bt3-7h5,44,-0.29800603,Urban
223-223@647-3qb-q2k,44,0.12972212,Urban
zzy-223@63f-kjn-7qz,44,0.29288283,Urban
222-222@8gg-tk8-k4v,44,0.109153934,Urban
222-222@63f-kv6-b6k,44,0.38228607,Urban
228-222@8gg-bjm-c3q,44,0.12569867,Urban
zzy-223@8gg-ctx-v75,44,0.17558149,Urban
222-224@8gf-fw9-mtv,45,-0.007773999,Urban
zzw-222@8gf-rhy-rtv,61,0.11537128,Rural
zzw-222@8gg-3jt-q4v,62,0.1790666,Urban
225-224@8gg-9bs-dsq,62,0.23133188,Rural
zzy-222@8gf-g42-3dv,71,-0.042381007,Urban
22j-222@647-36q-8d9,71,0.33584353,Urban
zzw-222@8gf-dtg-249,72,-0.125269,Urban
zzw-222@8gf-drf-r8v,72,0.24809942,Urban
222-225@8gg-3jh-cnq,72,-0.10881105,Urban
22j-222@647-3qb-54v,72,-0.0057893666,Urban
222-22d@8gf-rny-jjv,81,-0.116796695,Urban
zzy-222@8gf-dq6-4y9,23,0.30961728,Urban
222-222@8gf-frt-jd9,33,0.107549034,Rural
222-228@8gf-r6z-mff,42,0.24779528,Urban
22c-224@647-5dn-qj9,44,0.273667,Urban
zzw-223@8gg-bjk-8qf,81,-0.08868077,Urban
zzy-222@63f-kmb-4sq,81,0.122896075,Urban
22x-223@8gf-dsb-h89,44,-0.13450329,Urban
222-222@8gg-8xf-ks5,44,-0.09004117,Rural
225-222@8gf-mn9-c89,44,0.19035454,Rural
222-222@8gf-hpk-7dv,45,0.19340806,Urban
zzy-222@8gg-s5v-t35,52,0.17082249,Urban
223-225@8gf-r7v-hdv,53,-0.10171075,Urban
222-223@8gf-r7s-8y9,61,0.12917025,Urban
222-222@8gg-tnx-fpv,62,0.09254165,Rural
222-223@647-3ps-5zz,62,0.100603715,Urban
228-222@8gf-ddx-j5f,44,-0.21548295,Urban
zzw-223@8gf-fng-st9,44,0.1611123,Urban
222-227@63g-5kg-ffz,44,-0.33211815,Urban
22b-224@647-3qd-ygk,45,-0.028417934,Urban
zzw-222@8gg-3m9-8n5,45,0.20067412,Urban
222-222@8gf-rgm-xnq,53,-0.0194311,Urban
zzy-225@647-3mw-yy9,62,-0.054628164,Urban
227-222@8gg-tp3-89z,71,0.040462926,Urban
222-222@8gg-3js-n5z,72,-0.17982362,Urban
223-222@8gf-fwb-hkf,72,-0.028467547,Urban
224-222@63g-2h9-zfz,72,-0.23679373,Urban
zzy-222@8gf-qfm-9s5,23,-0.19565961,Rural
222-222@8gg-9k3-zcq,23,0.21322283,Rural
222-224@8gf-fwq-59f,81,0.12780368,Urban
zzy-222@8gf-qwm-5cq,44,-0.23158145,Rural
22n-222@8gf-dng-tsq,44,-0.19611564,Urban
222-224@8gg-tzb-3dv,44,0.15777428,Rural
222-226@8gg-3hb-xh5,44,-0.066898815,Urban
zzw-227@8gg-3dq-syv,53,-0.09921373,Urban
zzw-222@63f-kjp-dqf,53,0.22163408,Urban
22k-222@63f-ktk-j7q,53,-0.040625274,Urban
zzy-223@8gf-fvg-sdv,55,-0.1588305,Urban
222-223@8gg-9r7-8gk,61,0.36102048,Urban
222-223@8gf-dv6-26k,71,0.045507155,Urban
225-222@63f-kpk-d35,71,0.38648334,Urban
zzy-222@8gf-qwr-gkz,71,0.22396067,Rural
222-222@647-5hv-t5f,72,-0.062284645,Urban
zzw-222@63f-kt5-qs5,72,-0.18631184,Urban
zzy-222@8gf-bw8-rzf,72,0.039565265,Urban
222-222@647-35z-c5z,72,-0.018836772,Urban
zzw-227@647-5dh-6p9,81,-0.039212797,Urban
zzw-226@647-3qn-5vf,81,0.17731942,Urban
222-222@647-526-bp9,44,-0.14290342,Urban
zzy-225@63f-m3p-fvf,44,-0.27068257,Urban
zzy-222@8gg-d7h-pjv,44,0.095919,Urban
222-223@8gf-m7y-6hq,44,0.15704739,Rural
222-223@8gf-dsz-xh5,44,0.2200239,Urban
zzy-222@8gf-dq5-4n5,44,0.23467286,Urban
zzy-222@8gg-3j9-kpv,44,0.046432436,Rural
zzy-223@8gg-8zt-ndv,44,0.022782773,Rural
223-223@63g-47p-6hq,44,0.3114304,Urban
222-222@63g-5tm-nwk,45,0.09914667,Urban
222-222@8gg-3h8-f4v,45,-0.303776,Urban
zzy-224@63f-kvr-w8v,53,-0.0391718,Urban
zzy-222@8gg-3jr-ks5,53,-0.017033368,Urban
zzw-222@647-5hr-xkf,53,0.0014429888,Urban
zzw-222@8gf-bwk-6c5,62,0.19283506,Urban
222-227@8gg-3gv-fs5,62,0.28032345,Urban
zzw-222@8gg-3gv-p5f,71,0.24866448,Urban
222-222@8gf-px2-4n5,72,-0.0034099855,Urban
222-227@8gf-dsq-xh5,72,0.14541365,Urban
222-222@8gg-ctr-xbk,72,-0.06610034,Urban
zzy-223@63f-km2-26k,72,-0.10942553,Urban
222-223@8gf-dsq-6rk,81,0.19738579,Urban
zzw-222@8gf-dt2-835,92,0.2395784,Urban
226-223@8gg-bwx-5xq,23,-0.089382164,Urban
zzy-222@8gg-tgt-2tv,23,0.10968542,Urban
zzy-222@8gf-bkp-6tv,22,0.19701676,Rural
zzy-223@8g9-njy-cqz,44,-0.01991915,Rural
223-223@63g-5m9-m49,44,0.14582263,Urban
223-222@647-362-w8v,44,0.18854278,Urban
222-223@647-3p7-kzz,44,0.1735879,Urban
zzy-222@63g-2gz-yy9,44,0.29908773,Urban
222-223@8gf-r5b-nnq,53,-0.012617942,Urban
zzy-222@8g9-knx-mc5,61,0.05050342,Rural
222-22b@8gg-628-7kf,62,0.18504392,Urban
222-222@647-5dx-v75,62,0.44795668,Urban
zzz-222@8gf-fnk-mhq,71,-0.008184418,Urban
zzw-222@8gg-wrc-nnq,71,0.36211154,Rural
zzw-223@63f-kw6-h5z,71,0.24726284,Urban
222-226@63f-ksr-jjv,72,0.27429742,Urban
zzw-222@8g9-njw-54v,72,0.012453556,Rural
223-222@8gf-mjk-d7q,81,0.088598326,Rural
222-222@8gg-95h-s5z,44,-0.1514132,Urban
zzw-224@8gf-r74-85f,44,-0.2638116,Urban
224-222@647-5js-xqz,44,-0.34561428,Urban
224-223@63f-kn5-whq,44,0.26133108,Urban
222-222@63f-kpk-fzz,44,0.2492302,Urban
222-222@63f-km3-7dv,44,0.033527896,Urban
zzy-223@647-3qd-zvf,51,0.17825162,Urban
zzw-223@8gg-9t8-q4v,53,-0.053246766,Rural
zzy-222@63g-5k6-jgk,53,-0.24028797,Urban
224-227@8gg-3g9-dy9,53,0.017350709,Urban
zzy-222@8gf-rp5-9pv,61,0.05263679,Urban
zzz-222@8gf-r5g-26k,71,0.0073105637,Urban
226-222@63g-5m8-cwk,72,-0.0031471036,Urban
zzy-222@8gg-d7m-py9,72,0.10600482,Urban
zzy-222@8gg-3mp-t5f,81,0.29361042,Urban
222-227@8gg-d7n-cnq,81,-0.2644736,Urban
zzw-222@8gf-qfp-9j9,31,0.10763029,Urban
222-222@8gf-dtg-d35,44,0.1693295,Urban
222-225@8gb-kfz-q4v,44,0.28086394,Rural
222-222@8gf-tgw-87q,44,0.031266112,Urban
zzw-222@63f-ktr-d7q,53,0.07429302,Urban
222-222@647-5dy-7nq,61,0.4052973,Urban
22b-222@8gf-dt4-z9f,61,0.25518018,Urban
zzw-222@63g-48c-9zz,61,0.2072031,Urban
225-223@647-5dv-brk,71,0.19276045,Urban
22n-222@8gf-dt6-5s5,72,0.08070634,Urban
22h-222@63f-kkz-4d9,23,0.36852032,Urban
222-222@8gf-r7v-kcq,44,-0.15428476,Urban
227-222@63g-54m-8n5,44,-0.025293235,Urban
222-223@8gf-dv3-5s5,44,0.1744766,Urban
224-222@8gf-dv5-ch5,45,-0.13485834,Urban
zzy-222@63f-kkv-7yv,52,0.13153768,Urban
22j-223@63g-2ch-gx5,53,0.20433159,Urban
zzy-223@8gg-9gf-s89,53,0.1378238,Rural
zzw-223@63g-5k5-xbk,53,0.0016239701,Urban
zzy-222@63f-kjt-3h5,53,0.044658083,Urban
222-222@8gf-hkx-66k,71,0.18938673,Rural
223-222@8gf-dsq-87q,71,0.13939433,Urban
223-222@63g-2hr-x5z,72,0.07996007,Urban
222-223@8gg-9tp-hqz,81,0.11012814,Urban
zzy-222@8gg-6k6-6zf,44,0.26269796,Rural
zzy-226@8gg-wr8-n3q,44,0.2096541,Rural
zzy-222@63f-km3-pvz,48,0.573995,Urban
222-222@647-5hw-sdv,51,0.0038432498,Urban
zzy-222@8gg-9t4-h3q,52,0.2365795,Urban
226-225@8gf-dqf-835,53,-0.118397914,Urban
zzw-222@8gg-3fv-btv,53,-0.042367645,Urban
222-222@8gg-d8w-54v,62,0.12302291,Urban
zzw-222@63f-kfn-c3q,71,0.22528514,Urban
zzw-224@8gf-fw9-nt9,72,0.014704387,Urban
zzy-223@8gg-ct5-hdv,72,0.09101092,Urban
223-222@8gg-3jq-ckf,72,0.36089504,Urban
zzy-222@8gg-3k7-5s5,56,0.19903392,Urban
224-225@647-5js-vzz,44,0.14251529,Urban
223-222@8gf-bwk-mtv,44,0.13440564,Urban
228-224@647-5dr-3kf,44,0.13270132,Urban
zzy-225@8gf-fn9-qcq,44,0.04067678,Urban
zzy-223@8gf-dnc-kpv,44,0.092377976,Urban
227-222@63g-5tn-kxq,44,0.14821875,Urban
zzw-222@8g9-njw-g8v,53,-0.06512776,Rural
zzy-225@8gf-ds3-mx5,53,0.14894016,Urban
zzy-222@647-3nd-bff,71,0.5871274,Urban
222-222@8gg-cty-zfz,92,0.28931233,Urban
223-222@8gb-m38-52k,62,0.036206275,Rural
223-223@8gg-3kk-vmk,44,0.27315184,Urban
222-222@63g-5t2-6x5,44,-0.035640802,Urban
zzw-222@63g-4p7-575,44,0.046184286,Rural
224-222@647-5hw-qpv,52,0.06138595,Urban
zzy-222@8gg-d6f-b6k,71,0.2752932,Urban
zzz-222@647-5jh-bkz,71,0.06349237,Urban
zzw-22c@647-3mt-qpv,81,-0.25457957,Urban
222-222@8gf-dnh-3h5,44,0.28676292,Urban
222-222@8gg-3gw-9mk,52,0.038999405,Urban
222-224@8gf-fms-cnq,53,-0.11642046,Rural
227-222@63g-2f2-66k,62,0.08615144,Urban
zzz-222@8gg-3kf-jd9,71,0.088496,Urban
zzw-222@8gg-bgz-zs5,72,0.17614143,Urban
222-222@8gg-9tn-4n5,44,-0.05788976,Urban
zzw-222@63f-kjt-j5f,81,0.09036415,Urban
223-222@8gg-3js-ysq,81,0.12910911,Urban
zzy-223@8gf-r7z-4gk,44,-0.07476559,Rural
229-222@63f-kw5-btv,44,-0.28845194,Urban
222-222@8gg-9tq-649,45,-0.029008517,Urban
222-228@8gf-r7p-tn5,53,0.11790669,Urban
24k-25z@63f-kvg-8n5,53,-0.15464768,Urban
zzy-222@8g9-npf-7dv,53,0.21687302,Urban
222-222@8gg-34d-nkf,61,0.25209853,Urban
zzw-223@8gg-thg-6tv,62,0.19767302,Rural
zzy-223@8gf-dsx-d9z,71,0.2698216,Urban
zzy-222@8gf-fnw-qj9,71,-0.19517526,Urban
zzw-222@8gg-c9m-5xq,71,-0.14378111,Urban
zzw-222@8gg-3gr-k4v,71,0.30417764,Urban
zzw-223@63f-kjm-6hq,71,0.007339712,Urban
222-224@8gf-drq-3bk,72,0.04764674,Urban
zzw-222@8gf-r5g-cqz,72,0.2903822,Urban
222-222@63f-ksx-bc5,92,0.29062128,Urban
222-222@8gf-dt8-jn5,44,0.11118735,Urban
zzw-222@8gf-r7v-hkf,44,-0.094735816,Urban
zzw-222@8gf-cjx-54v,44,0.103474505,Rural
222-222@8gg-9t8-py9,44,-0.12653638,Rural
222-222@8gf-dng-yvz,45,-0.09784623,Urban
222-223@647-5hv-2kz,61,0.2168812,Urban
zzz-222@647-528-gc5,71,0.2159217,Urban
zzy-222@63f-kkx-9xq,71,0.24014944,Urban
zzy-223@8gg-bwx-3nq,72,0.03687722,Urban
222-229@647-3gk-gkz,81,0.16072132,Urban
223-224@63g-2bq-bzf,31,0.085223176,Urban
zzw-223@647-5gy-y35,44,0.026013216,Urban
zzy-223@8gg-rpc-tjv,44,-0.040235527,Rural
223-222@8gf-bqq-hqz,44,0.04790439,Rural
zzy-222@8gg-3jt-py9,44,0.17258747,Urban
222-226@8gg-3h8-f4v,44,-0.29989436,Urban
222-222@63g-2d4-grk,61,0.21202967,Urban
zzy-222@8gg-s5s-6ff,62,0.20439191,Urban
zzw-222@8gf-dqb-8jv,71,0.04227888,Urban
224-222@8gf-drr-fzz,72,0.21761489,Urban
zzw-225@8gg-d6p-3kf,72,-0.21560875,Urban
225-222@63g-5jh-tvz,81,0.0042708283,Urban
222-223@8gf-pgq-z9f,44,0.07433624,Urban
222-225@63f-kn4-y7q,44,0.07955187,Urban
222-222@647-3gg-ks5,44,0.28294516,Urban
zzw-222@647-5hw-hkf,44,-0.07459595,Urban
225-222@8gg-bwx-qzz,53,-0.16855803,Urban
zzw-222@8gg-3jq-rff,61,0.16203439,Urban
zzw-222@8gf-qfp-7wk,71,0.33263928,Urban
zzz-222@647-3qb-mrk,71,-0.146816,Urban
222-226@8gf-rnb-qzz,71,-0.036429584,Urban
222-222@8gf-px9-dn5,72,0.19357176,Urban
223-222@8gf-rxj-6hq,33,0.09239836,Urban
223-223@8gg-3mn-x89,44,-0.08254386,Urban
zzw-222@8gf-fr7-jjv,44,0.18338764,Rural
zzw-222@63g-5kf-2p9,51,-0.10191607,Urban
222-225@8gg-3g9-vmk,52,0.020731015,Urban
227-222@8gf-dnb-gff,53,-0.09158931,Urban
223-223@8gb-kfz-rx5,53,0.13877903,Rural
zzw-222@63g-47x-vcq,61,0.16472639,Rural
zzw-222@8gf-fss-4jv,61,0.18745199,Rural
223-222@8gg-258-d7q,61,0.034879886,Urban
zzw-222@8gf-fs4-nbk,62,0.1940609,Rural
224-223@63g-2cc-vvf,62,0.4001678,Urban
zzw-224@8gf-g5r-wrk,62,0.2766558,Urban
222-222@8gf-pcz-g49,71,-0.018932054,Rural
zzy-222@647-4x8-4jv,71,0.15087502,Rural
zzy-222@63g-2hv-hkf,72,0.1384739,Urban
zzy-224@647-3qb-3dv,81,0.06742321,Urban
zzy-222@8gg-34j-pd9,81,0.11439022,Urban
224-223@8gg-3m8-c89,44,0.13939823,Urban
zzw-223@647-3n5-w6k,44,0.26773515,Urban
223-222@8gg-tkf-qzz,44,0.33403072,Urban
222-222@8gg-d7m-q4v,45,-0.016655091,Urban
zzw-229@8gf-g5k-qxq,53,0.16028321,Urban
zzy-222@63g-2bw-vs5,53,-0.23165594,Urban
zzy-227@8gg-wr8-zmk,53,0.11918307,Rural
zzw-222@8gg-thr-2hq,61,0.2689718,Rural
222-223@63f-ktb-q2k,62,0.09175987,Urban
zzz-222@63g-4p2-ffz,71,0.044291213,Rural
zzy-222@8gg-3kw-c3q,92,-0.07439161,Urban
zzy-222@63f-kkb-gx5,44,0.029032115,Urban
zzw-223@63g-5jh-3wk,44,-0.15938938,Urban
zzw-222@63f-kjm-4d9,45,-0.045009434,Urban
zzy-222@63g-2js-r6k,53,0.073732704,Urban
zzy-222@8gf-px2-ghq,61,0.37528172,Urban
zzw-222@8gg-3jt-249,71,0.123382755,Urban
zzy-222@63g-5hk-575,71,0.15077506,Urban
zzy-222@8gg-3kg-nkf,71,0.028250536,Urban
22c-222@8gf-dpt-d35,71,0.12130482,Urban
222-222@8gf-dst-mc5,72,0.1181975,Urban
222-222@8gf-fpj-mkz,72,0.12967087,Rural
225-222@8gf-dn5-xwk,72,-0.09127409,Urban
222-222@8gg-bgz-ygk,72,-0.11078307,Urban
222-222@8gf-g32-3qz,72,0.051319536,Urban
23f-222@8gf-dt2-st9,62,0.40730256,Urban
223-223@8gf-qfn-26k,44,-0.2301819,Urban
222-223@8gg-cw7-v75,44,-0.10021437,Rural
zzy-225@8gg-9tq-4y9,44,0.014532462,Urban
222-222@8gf-qfp-j9z,44,0.08291086,Urban
226-223@647-3mt-p35,45,-0.20606777,Urban
zzw-224@8gg-9tq-kpv,45,-0.13849315,Urban
zzw-222@63g-2cz-tn5,53,-0.2840057,Urban
zzw-223@8gg-3gd-ygk,53,-0.11723258,Urban
zzw-222@8gf-dsh-s3q,61,0.21966931,Urban
zzz-222@8gf-drn-ffz,71,0.14939897,Urban
222-222@8gg-bwx-85f,81,0.23129927,Urban
zzy-222@8gf-qrd-kmk,81,-0.044730972,Rural
223-223@8gg-d7p-fs5,44,-0.32815173,Urban
zzy-222@8gg-d8w-9zz,44,0.11850466,Urban
zzw-223@8gg-9qy-2c5,61,0.25251508,Urban
222-223@8gf-rnt-59f,62,0.29302877,Urban
zzw-223@8gg-d6b-7t9,71,-0.050631884,Urban
zzy-222@8gg-wgw-s3q,71,0.21036099,Rural
222-222@63g-5tm-cyv,72,0.23694532,Urban
22b-222@63f-kw6-m6k,72,-0.10378969,Urban
222-222@8gb-kg2-j35,44,-0.21354388,Rural
222-223@8gg-9x2-75z,53,0.009425445,Urban
222-223@8gg-9tr-tgk,54,-0.04966529,Urban
222-222@63g-2gk-mp9,61,0.266561,Urban
zzw-222@8gg-cw7-n5z,61,0.33496827,Rural
223-223@8gf-fkg-2hq,62,-0.2706331,Urban
223-222@8gf-rn8-w49,62,-0.08116669,Urban
zzw-222@647-5gy-nwk,72,-0.11278813,Urban
222-225@8gf-r5g-zmk,81,0.44991863,Urban
222-223@63f-kvv-68v,32,-0.013936737,Urban
zzy-222@8gg-3kk-hwk,56,0.17685448,Urban
zzw-223@8gf-fw9-nt9,44,0.21871094,Urban
224-222@8gf-dpk-h3q,44,-0.0627817,Urban
zzw-222@8gf-ds6-rff,44,0.22069289,Urban
zzw-223@63f-kkb-9s5,44,0.25794512,Urban
zzw-222@8gg-3dq-z75,44,0.32109702,Urban
zzw-222@63g-5m8-tjv,44,-0.094260514,Urban
zzy-222@8gg-tnx-dy9,61,-0.054584496,Rural
zzy-222@8gg-254-ghq,71,-0.03349745,Urban
zzy-222@8gg-3fb-fvf,71,-0.3728113,Urban
222-222@63g-5hn-hnq,72,0.024321957,Urban
223-222@8gg-3gk-qfz,72,-0.14673592,Urban
222-222@63g-4p8-vs5,44,-0.030908924,Rural
222-225@8gg-b82-yy9,44,0.10143623,Urban
zzy-222@8gg-3k2-435,44,0.022126175,Urban
222-222@63f-kv4-rtv,44,0.10867379,Urban
224-223@8gf-fwb-6p9,45,-0.1905509,Urban
zzy-222@8gf-ry2-33q,53,0.4219024,Urban
222-222@8gf-fmb-3wk,61,0.38589716,Urban
222-222@8gf-fvz-bx5,62,0.28446117,Urban
zzz-222@63f-m3g-z4v,71,0.25737047,Urban
zzy-223@8gf-dpf-d5f,71,0.020907171,Urban
222-222@8gf-dq6-pjv,72,-0.10403751,Urban
222-222@63f-kvr-cnq,44,-0.10260402,Urban
222-223@647-3ns-t5f,53,-0.1944441,Urban
zzw-222@63f-vcj-5s5,53,-0.08412601,Urban
227-222@63g-2bw-vmk,53,0.027206233,Urban
22p-222@8gg-3gv-k9f,62,0.14264229,Urban
223-225@63f-ksy-6kz,62,0.027787685,Urban
zzz-222@8gf-dst-py9,71,-0.09209997,Urban
zzw-222@8gf-fn8-35z,71,-0.062192347,Urban
223-222@8gg-3jt-rkz,72,0.20142615,Urban
zzy-222@8gf-pqy-bkz,81,0.21890473,Rural
222-224@8gg-rkj-zpv,44,0.028770685,Rural
224-223@8gf-fj6-jgk,44,0.040704757,Urban
222-222@8gg-3dg-9fz,45,-0.2318179,Urban
223-223@647-3nv-h89,53,0.021638848,Urban
223-222@8gf-rny-99f,53,0.080415,Urban
222-222@63g-2cn-y35,61,0.20437606,Urban
222-222@63g-5t8-jd9,61,0.25656277,Urban
222-222@63f-kv4-fvf,61,0.2737963,Urban
22k-223@8gf-dng-tqf,62,0.1485079,Urban
229-222@8gf-dpd-7nq,62,0.19366051,Urban
zzw-222@8gg-3kp-45f,62,0.23500809,Urban
zzw-22f@63f-kjs-jvz,81,-0.14469624,Urban
zzy-222@8gg-253-y9z,56,0.21896514,Urban
zzw-222@8gg-3gv-d7q,31,-0.02005997,Urban
222-222@8gg-b4q-wkz,44,0.10572786,Rural
222-222@647-5fy-r8v,44,0.13242438,Urban
zzw-222@8gf-fhh-3nq,44,0.19571264,Rural
228-225@8gf-dst-kcq,53,0.21110591,Urban
222-22c@8gf-dsx-649,53,-0.22282976,Urban
22h-223@647-5gz-k2k,61,0.114255786,Urban
222-223@8gf-dn8-cwk,62,-0.28530952,Urban
zzy-223@8gf-dk2-rp9,71,0.21448228,Urban
222-222@8gg-tk9-5cq,72,0.3105536,Urban
223-222@63f-knc-2hq,72,0.07976671,Urban
224-222@63g-4pf-wkz,81,-0.03604076,Rural
228-222@63g-5kb-gff,44,-0.102167934,Urban
222-222@8gg-cv5-87q,44,-0.028582327,Urban
zzw-222@8gf-hrh-k2k,44,0.30441916,Urban
zzw-223@8gf-bmh-jn5,44,0.055551622,Urban
zzw-223@63f-kw3-8d9,49,0.30544543,Urban
225-222@63g-5tj-nt9,61,0.2871005,Urban
223-222@63f-kkd-7nq,61,0.23443176,Urban
222-223@63f-kv4-qmk,61,0.13684613,Urban
zzw-222@8gf-dv6-q75,61,0.085108176,Urban
224-222@647-5hv-tqf,62,0.16733743,Urban
zzy-224@8gg-3jt-q2k,62,0.11926736,Urban
zzw-222@8gf-bmb-z75,62,0.15243673,Urban
223-222@647-3p8-bkz,54,0.060278285,Urban
223-223@8gf-dsz-vj9,44,0.195482,Urban
zzy-222@8gg-ctx-cyv,44,0.28132018,Urban
zzy-227@8gg-d67-qpv,44,-0.0919883,Urban
223-223@8gf-r75-87q,44,-0.007883368,Urban
228-223@8gg-d8p-bzf,44,0.20231944,Urban
222-222@8gf-rns-sqz,61,0.1527464,Urban
222-224@8gg-tfm-gp9,61,0.2587105,Urban
222-222@8gg-95h-yy9,62,0.18646288,Urban
zzy-223@8gf-dsz-xkf,72,0.13513452,Urban
222-222@8gf-ddx-hyv,72,0.26157835,Urban
zzw-22h@8gf-dt2-xyv,62,0.050547738,Urban
zzy-222@8gf-dk2-g6k,56,0.22422853,Urban
zzw-222@8gg-bjq-3nq,44,0.23296003,Urban
222-222@8gg-3gs-nkf,44,0.294322,Urban
222-222@63f-kjx-wtv,44,-0.05039311,Urban
223-222@647-3qc-tsq,62,0.27270365,Urban
zzw-222@8gg-s72-fj9,71,0.22625029,Rural
29c-222@8gf-dng-swk,71,0.2610091,Urban
223-227@8gf-hhc-vmk,72,0.06943817,Rural
223-222@8gg-62b-qzz,92,0.10761118,Urban
222-225@8gf-dpt-59f,44,0.021875111,Urban
224-222@8gf-rxm-85f,44,0.17503773,Urban
222-222@8gf-fvc-wtv,44,0.31572348,Urban
zzw-222@63f-vck-249,45,0.30435646,Urban
zzw-226@8gg-628-5j9,53,0.08861763,Urban
222-222@8gg-cvg-dn5,61,0.34615964,Rural
222-222@63f-ksw-fxq,61,0.254234,Urban
zzw-222@8gg-rpz-s3q,71,-0.017702615,Rural
zzy-222@8gf-rf2-f75,71,0.091602944,Urban
222-222@63g-5m9-5pv,72,-0.2074593,Urban
223-222@63g-28h-gkz,72,0.22923845,Rural
zzy-222@8gg-s5w-h3q,23,-0.04992412,Urban
zzw-222@8gg-bgn-q4v,44,-0.078085236,Rural
223-222@8gf-pxp-fcq,44,-0.06191619,Urban
223-222@63f-m3d-qpv,44,0.040121708,Urban
223-222@8gg-rpd-q2k,44,0.30720726,Rural
zzw-222@63f-m3f-f75,45,-0.10110003,Urban
228-223@8gb-kfx-qj9,52,-0.04457202,Rural
22y-223@63g-2c7-p9z,53,0.114297725,Urban
222-222@63g-2js-w6k,61,0.2963625,Urban
225-22b@8gf-dsg-7bk,62,-0.33939055,Urban
222-222@8gg-d66-8qf,72,0.24965431,Urban
223-222@647-3fv-q4v,44,0.2572539,Urban
222-222@8gg-bzk-vpv,44,0.053903937,Urban
zzy-226@8gf-rsd-pqf,49,0.09326992,Urban
zzy-222@647-3mw-2tv,51,0.35235882,Urban
222-222@8gg-9tn-4jv,51,-0.03793522,Urban
225-222@8gf-px6-qfz,51,0.1416223,Urban
222-222@8gg-9fg-z2k,53,0.0018755739,Rural
222-223@647-35f-4gk,61,0.3889752,Urban
222-222@647-3fx-mtv,61,0.23228967,Rural
224-223@8gf-bwk-68v,62,0.2331245,Urban
239-222@8gf-dng-tqf,62,0.094412945,Urban
zzw-222@8gf-rnp-xnq,62,0.26289713,Urban
224-222@63g-2dm-8sq,71,0.037214257,Urban
223-225@63f-m2p-w49,71,0.23318689,Urban
zzw-223@8gf-dt2-bzf,72,0.2299898,Urban
222-222@63f-hsm-4gk,72,0.008152196,Urban
222-224@8gf-bmm-g8v,72,0.0009129987,Urban
225-222@8gf-fnx-7wk,81,-0.15036368,Urban
zzw-222@8g9-hyr-h5z,44,0.1261786,Urban
zzy-223@8gg-wr8-j35,44,0.014271715,Rural
222-222@63g-2jt-dvz,44,0.20850667,Urban
22d-222@8gf-px8-68v,45,0.2729879,Urban
222-225@63f-kvz-8y9,62,-0.30171287,Urban
zzw-222@647-3p9-9cq,71,0.29215926,Urban
zzw-223@8gf-drf-p7q,72,0.025613243,Urban
222-222@8gf-r7p-xdv,72,-0.121284485,Urban
222-222@8g9-hyq-jvz,72,0.0754435,Urban
223-222@665-8qw-v2k,72,0.18516599,Urban
222-222@8gf-dn8-4n5,72,0.29296923,Urban
zzw-223@647-5ht-8y9,72,0.059480507,Urban
222-222@647-3q9-mx5,62,0.20432697,Urban
223-222@8gg-bgz-yvz,54,0.16074347,Urban
223-222@8gg-7dj-d7q,44,0.20004521,Urban
222-224@63f-m3r-gc5,45,-0.13388687,Urban
222-223@8gg-2yk-hqz,45,-0.00014855644,Urban
229-222@8gf-r5c-z4v,53,-0.10276306,Urban
zzy-224@8gf-fnx-kmk,53,-0.052511375,Urban
zzw-222@8gg-b5k-z75,61,0.12405286,Rural
zzw-226@8gf-bmc-3qz,62,0.27235213,Urban
222-223@8gg-s5m-zvf,62,0.21769814,Urban
222-223@8gf-dsq-fj9,72,-0.18197624,Urban
zzw-222@63g-5kz-2tv,72,0.14673708,Urban
222-229@8gf-g5s-skf,81,-0.25839308,Urban
223-222@8gg-d8w-qpv,44,0.09181501,Urban
224-222@8gf-qfm-rx5,44,0.17294417,Urban
zzw-222@8gf-fgc-835,44,0.1613589,Urban
zzw-222@8gg-tsh-j7q,61,0.10806738,Urban
zzw-222@8gg-byz-ghq,61,0.06787827,Urban
223-223@8gg-3jt-wrk,62,0.22984995,Urban
zzy-22h@8g9-n9m-33q,71,0.0020306255,Rural
zzy-222@8gf-dpd-8y9,71,0.05364232,Urban
222-222@8gf-dq6-nqz,72,0.24154475,Urban
223-225@8gf-dtg-fs5,72,0.065101504,Urban
229-222@647-3qk-75z,48,0.08366095,Urban
224-222@8gg-5yb-nyv,81,0.07008385,Urban
22g-223@8gf-dpf-psq,31,0.0016305374,Urban
222-222@8gf-dpv-99f,44,0.20396501,Urban
222-222@647-3mw-q4v,44,0.25149512,Urban
222-223@647-5dn-pgk,44,0.19431739,Urban
222-223@63g-5m8-ghq,44,-0.15816559,Urban
222-224@8gg-tjw-8sq,44,0.14525783,Rural
224-223@647-3nt-vzz,44,0.21134602,Urban
zzy-222@63f-kvx-99f,48,0.14344743,Urban
225-222@8gg-cwk-jn5,53,0.5502555,Urban
zzw-223@8gg-3jt-7h5,53,-0.13641517,Urban
zzy-222@8gg-3dz-dvz,61,0.29749537,Urban
zzy-222@8gf-dn9-rp9,61,0.25399044,Urban
224-224@63f-ksy-brk,72,0.047710896,Urban
zzy-227@8g9-n9m-33q,72,0.41014266,Rural
222-223@8gb-ns3-8d9,44,0.10968921,Urban
zzw-222@8gf-pzb-bzf,44,0.056998324,Urban
222-223@8gf-fw7-5zz,44,-0.042609386,Urban
23q-222@647-5hx-dy9,44,-0.0051804674,Urban
224-224@647-3q5-3nq,53,0.101556316,Urban
222-222@8gg-9bd-35z,61,0.16411272,Rural
zzw-222@647-3q9-mtv,62,0.1335502,Urban
zzy-222@647-5hs-q9f,72,0.25563964,Urban
zzw-222@8gg-crx-kzz,72,0.14033863,Rural
224-226@8gg-3dj-k75,81,0.11951627,Urban
zzw-224@8gf-dj9-xwk,81,-0.08471059,Urban
zzy-223@8gf-dnh-cnq,81,0.40456384,Urban
zzw-225@8gg-3kn-x5z,44,-0.1087251,Urban
222-223@8g9-n52-wp9,44,-0.15463078,Rural
222-224@63f-ksj-7yv,44,-0.16253129,Urban
zzy-222@8gg-crw-ghq,52,0.14845395,Rural
226-222@63g-2h5-ndv,53,0.08049275,Urban
zzy-223@8gg-rqh-hbk,53,-0.17195852,Urban
zzw-223@647-5gy-mp9,53,-0.25346214,Urban
zzy-222@8gg-3h5-4n5,71,-0.054727677,Urban
zzw-222@63f-kvh-sh5,71,0.19045156,Urban
222-223@63f-ksv-5xq,71,-0.012561777,Urban
zzw-222@8gg-cvd-b6k,72,-0.01127144,Urban
zzw-222@63f-kkd-68v,72,0.19262205,Urban
228-222@8gf-g5r-yd9,72,0.2936719,Urban
223-222@8gg-3gf-yvz,72,0.13823526,Urban
223-222@63g-5tm-nyv,72,-0.1806516,Urban
223-223@8gf-frt-skf,72,0.15568773,Rural
223-223@63g-2f6-g6k,81,-0.011800499,Urban
zzy-225@647-3qc-st9,62,0.22800827,Urban
222-222@8gg-3jn-6x5,42,0.3769792,Urban
222-223@8gf-bwk-gkz,45,0.20886652,Urban
222-223@8gg-3gt-bx5,53,0.28787887,Urban
222-222@8gg-3gf-qmk,61,0.37598577,Urban
222-222@8gg-bwc-5s5,71,0.17339824,Urban
222-222@647-5hw-x3q,72,-0.2447302,Urban
222-222@63g-5k5-jgk,72,0.016508121,Urban
222-222@8g9-hsg-7kf,81,-0.1636296,Urban
226-222@8gg-d67-zmk,81,0.17793475,Urban
zzy-222@647-3qb-pd9,61,0.17763226,Urban
zzw-222@8gf-pgr-qs5,44,-0.21098988,Urban
222-222@8gf-qfn-47q,44,-0.043923065,Urban
22s-222@647-3my-6zf,44,0.36123106,Urban
227-224@63f-ktn-4n5,44,0.3197962,Urban
zzy-228@8gf-fww-k4v,44,-0.22294006,Rural
22g-222@8gf-hrn-54v,44,0.032506768,Urban
223-222@8gf-g6d-nh5,44,0.12043939,Urban
223-229@8gf-dtg-gc5,44,0.084063746,Urban
222-222@8gg-bgm-6ff,53,0.047028117,Rural
zzw-222@8gg-d6k-3kf,53,-0.16848397,Urban
zzy-222@647-3gg-gc5,71,-0.04273383,Urban
zzz-222@8gg-rxg-ffz,71,0.08991216,Rural
222-224@63f-kvg-835,72,-0.15237272,Urban
222-222@8gf-fnx-jqf,72,0.2403969,Urban
224-222@8g9-n5w-6p9,81,0.43009973,Urban
222-222@63g-4pv-6tv,81,0.1116997,Rural
222-222@8gg-3mh-g8v,44,0.31804964,Urban
22h-223@647-5gb-gc5,44,-0.34747234,Urban
zzw-223@8g9-hzc-2rk,53,0.03252633,Urban
zzw-224@8gf-hgv-zmk,62,0.18173571,Urban
222-222@647-3nt-cwk,72,-0.01977852,Urban
zzy-222@8g9-njv-rff,72,0.013715477,Rural
zzy-222@63f-kw7-7qz,81,0.26384366,Urban
225-222@8gf-q6q-7yv,81,-0.07951129,Rural
22f-226@8gf-dt2-xyv,62,0.06120944,Urban
222-222@8gf-dkv-rrk,33,0.02902326,Rural
zzy-222@8g9-hpr-rp9,72,0.04918695,Urban
222-229@63g-2cz-vzz,44,0.082643405,Urban
zzy-224@63f-ktm-5j9,44,0.12726288,Urban
zzw-222@63f-kky-zpv,45,0.051109053,Urban
zzy-222@63g-5hf-x5z,61,0.25341678,Urban
223-22g@63f-ksy-6kz,62,0.13799825,Urban
zzz-222@8gg-259-wkz,71,0.17227237,Urban
223-222@8gf-dqr-ghq,72,0.1506247,Urban
zzw-225@8gf-g49-rzf,44,0.047825653,Urban
zzw-223@8gf-pym-zxq,44,0.049609378,Urban
224-222@647-3nf-s3q,45,-0.17881837,Urban
222-222@63f-kkw-7h5,52,0.27032986,Urban
223-222@63g-5td-tgk,53,-0.07559412,Urban
22p-225@8gf-fnb-3bk,62,0.25912258,Urban
222-224@63g-5tp-pd9,62,0.1238601,Urban
zzw-222@647-3mv-9mk,72,0.002438314,Urban
224-222@8gf-fkq-x3q,72,-0.10645758,Urban
222-222@8gg-9tq-6kz,81,-0.008811199,Urban
zzw-222@63f-kt7-xqz,42,0.09390959,Urban
222-222@8gg-7bn-z4v,44,-0.045822646,Rural
222-223@8gf-r66-tsq,44,0.07980651,Urban
222-225@8gf-r69-x3q,45,0.20329764,Urban
223-222@647-363-ysq,53,-0.035752732,Urban
zzw-22j@8gg-3jm-wrk,53,0.037192408,Urban
222-222@8gg-9qy-2ff,53,0.4078669,Urban
zzy-22j@8gf-dst-kj9,55,0.004600106,Urban
222-22k@8gf-dnh-g49,62,0.15059483,Urban
zzz-222@8g9-n5x-3wk,71,0.13164644,Urban
222-222@63g-28s-nqz,71,0.21786469,Rural
zzw-222@8gf-fj6-skf,71,0.066271394,Rural
224-224@63f-m3n-5mk,71,0.12202526,Urban
zzw-222@63f-km3-s5z,72,0.0057181516,Urban
zzy-222@63f-kv9-52k,54,-0.21055928,Urban
223-222@8gf-tg5-f4v,44,0.0078972755,Rural
zzw-222@8gg-bgm-6ff,44,0.026989084,Urban
227-223@63g-2br-k75,44,-0.30684856,Urban
zzy-222@8gf-g6s-54v,44,-0.013837251,Urban
zzy-222@8gf-m83-y35,44,0.14230819,Rural
zzy-222@8gf-fw9-xh5,45,-0.022917697,Urban
227-222@63f-ktp-9j9,53,-0.18489546,Urban
zzy-222@8gg-bcv-wc5,53,0.22724064,Urban
zzw-222@8gg-3dy-qfz,71,0.08358244,Urban
zzy-222@8gg-bjn-vxq,71,-0.16432643,Urban
223-222@8gf-dst-gc5,72,-0.03273167,Urban
22f-222@647-5h2-yjv,72,0.053385243,Urban
zzy-222@8gf-dvb-mtv,56,0.27814344,Urban
zzw-222@8gg-9sw-hyv,44,-0.14292972,Urban
223-226@8gg-9xb-pvz,44,0.14491697,Urban
222-222@63f-m3p-djv,44,0.2723555,Urban
zzw-222@8gf-rxz-swk,53,0.06632342,Urban
222-223@63g-5ks-8y9,53,0.0694891,Urban
zzw-222@8gg-d7p-6kz,53,-0.28221342,Urban
222-226@8gg-d67-zmk,53,-0.068204835,Urban
zzw-222@8gg-thg-66k,61,0.25662285,Urban
222-222@8gg-9x3-389,61,0.22403838,Urban
223-223@8gf-dsz-ygk,62,0.09443295,Urban
224-222@8gg-wfj-28v,71,-0.17413713,Rural
222-228@8gf-rnq-2zf,72,0.12525392,Urban
zzw-222@8gg-d7n-9fz,72,-0.13860743,Urban
223-222@63g-2cf-m49,72,-0.036644567,Urban
223-222@8gg-3fg-435,62,0.45923427,Urban
zzy-227@8gg-wr8-zfz,23,0.045695357,Rural
222-223@8gf-dsb-mkz,44,-0.19725206,Urban
222-222@63g-5m9-hwk,44,0.088228725,Urban
222-222@8gg-9gg-5xq,44,0.1597844,Rural
222-223@8gg-9xn-nqz,45,0.08386768,Urban
zzy-225@8gg-rqh-hbk,45,-0.03870525,Urban
zzw-222@63g-5kg-bc5,53,-0.3184142,Urban
222-223@8gf-q6v-vpv,71,0.18975681,Rural
222-224@63g-5kd-tsq,72,0.23445705,Urban
222-222@647-3mw-sh5,72,0.20188232,Urban
zzy-222@8gg-d7d-tvz,81,0.10228228,Urban
zzy-222@8gf-rn8-xwk,81,0.097071804,Urban
225-224@8gg-9sn-cyv,44,0.09979066,Urban
222-223@8gg-3kb-7dv,44,0.17972746,Urban
222-222@8gg-s5s-4y9,44,0.04873867,Urban
225-224@8gf-fnb-mtv,44,0.22229525,Urban
222-222@8gg-34j-mx5,44,0.19326042,Urban
222-222@63g-5hf-9cq,62,0.31857044,Urban
zzz-222@8gf-r54-zs5,71,0.19331129,Urban
222-222@8gf-fyt-p7q,71,0.007289034,Rural
228-222@8gf-pxs-qfz,71,0.14089262,Urban
223-222@8gg-3jq-k75,71,0.17150381,Urban
222-222@8gf-r75-835,72,-0.07754251,Urban
zzw-222@8gf-hrk-p5f,44,-0.21731877,Urban
222-224@8gg-bjn-2zf,44,-0.20679216,Urban
zzw-224@8gf-bw8-b6k,44,-0.06723115,Urban
222-223@8gb-kfx-ghq,44,0.09370421,Rural
222-224@8gg-d6v-gff,45,-0.11923585,Urban
zzw-222@647-5jr-dn5,61,0.26890534,Urban
226-223@8gf-fnb-3bk,62,0.24399582,Urban
zzz-222@8gg-tjz-59f,71,-0.043488357,Urban
zzy-222@8gf-rnd-jd9,71,-0.12899548,Urban
222-222@8gf-rgh-w8v,72,0.19285241,Urban
222-222@8g9-npd-5zz,72,0.0897035,Urban
222-222@8gf-fng-t35,72,0.26073712,Urban
zzy-222@647-3qd-z4v,72,0.11426745,Urban
zzy-223@8gf-rt2-4jv,81,-0.006283045,Urban
zzw-225@8gg-tmc-k9f,44,-0.022753723,Rural
223-223@63g-2jz-q9f,44,0.04901219,Urban
224-223@63g-5tf-7nq,44,-0.35111785,Urban
222-226@63f-m32-89z,53,-0.16738929,Urban
222-222@63f-hrm-q75,61,0.3002925,Rural
222-224@8gg-3fg-4gk,62,0.53423154,Urban
zzz-222@63g-2c8-mff,71,0.2578121,Urban
zzw-222@647-528-v9f,71,0.05411938,Urban
zzw-222@8gg-th7-zs5,71,-0.04063174,Rural
zzy-225@8g9-k7p-wx5,72,0.102693625,Rural
224-222@8gf-hpn-py9,44,0.07629037,Urban
222-223@8gf-dtf-psq,44,0.32534066,Urban
zzy-222@8gg-bz9-z75,44,-0.06986026,Urban
22f-222@8gf-dsf-xh5,44,0.08862145,Urban
22h-222@63g-54m-8n5,45,0.13429052,Urban
247-222@647-5bj-rkz,45,0.14744277,Urban
zzy-222@8gg-9tn-5s5,53,-0.1328452,Urban
222-222@63k-yfh-rhq,53,0.2234688,Rural
222-222@8gf-pz7-wp9,61,0.29784644,Rural
222-222@63f-kw6-ndv,72,-0.16148207,Urban
222-224@8gf-fkg-26k,44,-0.21259008,Urban
zzw-222@8gg-9qw-j5f,44,0.20608999,Urban
zzw-222@8gf-rw4-p9z,44,0.06397426,Urban
223-224@63f-kjk-9xq,53,-0.027050957,Urban
224-222@8gg-3dh-gp9,53,0.13096938,Urban
zzw-222@8gf-ds9-syv,61,0.24270642,Urban
222-222@8gg-cvc-mkz,62,0.18757711,Rural
zzz-222@8gf-qfn-8jv,71,0.103442915,Urban
222-222@63f-kvz-5pv,72,0.27291447,Urban
223-223@8gf-r72-h89,44,-0.006439606,Urban
22c-222@63k-yfm-qpv,44,0.05899693,Rural
22b-225@63g-2bv-54v,45,-0.29186794,Urban
222-224@63f-kk2-w49,53,-0.069445185,Urban
222-22b@8gg-3dk-66k,62,0.0018368562,Urban
zzy-222@8gf-fzz-swk,71,-0.10231315,Rural
223-222@8gg-9rb-2x5,71,-0.048459716,Urban
223-222@8gf-fkg-rp9,72,0.0024117557,Urban
zzy-222@8g9-nmq-bp9,44,-0.11593811,Rural
zzw-222@8gf-bkk-gc5,44,-0.25845456,Rural
222-222@8gg-b63-yn5,44,0.14411514,Urban
222-225@8gf-dsz-wc5,44,0.06506826,Urban
zzw-225@647-5hr-t5f,44,-0.14598268,Urban
zzw-222@8gf-fxv-wx5,53,0.00505235,Urban
222-222@8g9-nnt-gc5,61,0.29356018,Rural
222-229@63f-kjz-fxq,62,-0.04630369,Urban
zzw-222@8gg-d6n-wrk,62,0.2939231,Urban
zzz-222@8gf-drm-xbk,71,0.10945814,Urban
222-224@8gf-r5b-nnq,72,0.14721498,Urban
zzw-222@63k-ycw-xdv,72,-0.09223803,Rural
222-228@8gf-dt2-st9,62,0.41065565,Urban
zzy-222@63f-kn5-v75,81,0.3160176,Urban
222-223@63f-m3j-9s5,44,0.21488371,Urban
223-222@8gg-34m-z9f,44,-0.2900654,Urban
223-222@8gg-btv-jd9,44,0.040669918,Urban
225-223@8gg-bzk-rkz,44,0.08316589,Urban
223-226@8gf-fqw-kpv,44,0.19340952,Rural
zzw-223@8gf-fn9-9mk,44,0.21877952,Urban
zzw-222@8gg-2z5-pd9,44,0.08899142,Urban
225-223@8gf-ds9-kcq,53,0.12358676,Urban
zzz-222@8gf-dn4-4sq,71,0.045862406,Urban
222-222@8gf-g66-snq,71,0.14954427,Urban
222-222@8gg-254-q4v,71,-0.08074221,Urban
223-222@63g-5hn-8sq,44,-0.21816818,Urban
222-223@647-362-mrk,44,0.19478314,Urban
zzy-223@63g-47p-b8v,44,0.4226721,Rural
zzy-225@8gg-tcr-99f,44,-0.09930415,Rural
222-222@8gf-fw9-vvf,45,-0.23357391,Urban
226-22c@8gf-dsg-zj9,53,-0.16818316,Urban
222-22k@8gf-fnh-5xq,62,0.2004293,Urban
22r-222@8gg-3gv-k9f,62,0.21146391,Urban
zzw-222@8gg-9tq-k4v,62,-0.073706046,Urban
222-222@8gg-3gt-435,62,0.14919287,Urban
zzw-222@8gf-fmz-4gk,31,0.028968731,Rural
zzw-222@63g-2h7-2kz,44,0.13917989,Urban
222-222@8gf-pxb-45f,53,-0.3235076,Urban
222-222@8gf-qyp-dsq,61,0.41015968,Rural
zzw-222@647-5hp-hyv,61,-0.036097545,Urban
222-224@8gf-ddx-gkz,62,0.07992077,Urban
zzw-222@8gf-qy9-r8v,71,-0.0042409464,Rural
223-222@8gf-ddy-6tv,72,-0.055289973,Urban
224-222@8gf-qg9-tgk,44,0.035448138,Urban
23h-222@63g-5kf-3yv,44,0.09957581,Urban
222-223@647-5hw-dn5,45,-0.27611104,Urban
222-222@8gf-dt4-p35,53,0.276241,Urban
222-222@8gf-bmh-y9z,61,0.26581606,Urban
zzw-222@63g-2cn-xnq,61,0.23618008,Urban
222-224@63f-kst-vvf,71,0.12867455,Urban
zzy-225@63f-kvf-kj9,54,0.14580198,Urban
zzw-222@8gf-qwr-9pv,44,-0.13793787,Rural
222-224@8gg-d8p-f2k,44,0.00015752966,Urban
222-222@63f-kvx-s5z,44,0.019741738,Urban
223-222@8gf-rsd-ct9,52,0.026053747,Urban
zzw-223@63g-2cm-xbk,53,-0.28691787,Urban
223-222@8gf-bmm-kzz,53,0.21218938,Urban
zzw-222@63g-2cf-q75,61,0.42125297,Urban
239-222@63f-m32-gzf,62,0.06986485,Urban
223-222@8gf-fxz-dsq,71,0.34466925,Urban
222-223@63f-kvn-zcq,71,0.1226511,Urban
222-222@63f-kjy-mzf,72,0.047446575,Urban
224-222@63g-5m8-cqz,72,0.020529458,Urban
224-222@647-5hs-jsq,72,0.28346545,Urban
zzy-226@63g-45y-v4v,81,-0.15219527,Urban
zzy-222@8gf-hrq-t35,81,-0.0155152045,Urban
223-223@8gf-dt2-xnq,62,0.31321213,Urban
zzy-222@8gg-3gx-7t9,56,0.156272,Urban
zzw-223@647-35f-fzz,81,0.062078506,Urban
222-222@8gf-r9z-w6k,44,-0.01120232,Rural
222-222@8gf-fms-x3q,61,0.17695692,Rural
223-222@63f-ktp-z4v,61,0.30693904,Urban
zzw-222@63f-kt8-k2k,62,-0.24109317,Urban
222-225@8gg-628-fcq,62,0.29686356,Urban
zzw-222@8gf-dnx-4qf,62,0.17170234,Urban
222-223@8gg-c9h-4jv,23,-0.05638096,Urban
zzw-222@647-36y-t7q,44,0.21958193,Urban
zzw-222@8gf-fw9-mkz,44,-0.17930903,Urban
223-222@647-52f-59f,44,0.21391016,Urban
223-223@8gg-tht-yn5,53,0.0984498,Urban
zzw-223@8gg-3gf-s3q,61,0.23820129,Urban
222-223@8gg-3mq-dsq,61,0.37558243,Urban
zzw-222@8g9-hyn-jy9,61,0.211329,Urban
zzw-222@8gg-9tn-kj9,61,0.24125642,Rural
zzy-223@8gf-dry-8sq,62,0.13994761,Urban
zzw-222@8gg-byz-z75,62,0.22317436,Urban
zzz-222@63g-2c8-vfz,71,0.23245168,Urban
222-222@8gg-cbt-89z,71,0.050668333,Rural
222-222@8gf-bmh-f75,72,-0.08499391,Urban
22k-222@8gg-d6h-yn5,23,0.15884835,Urban
zzy-22n@63f-ktd-bkz,31,0.03218651,Urban
222-222@8gg-s57-pjv,45,0.10449223,Rural
222-222@8gf-rxb-649,61,0.19617344,Urban
226-222@8gg-9tb-ckf,72,0.15008952,Urban
222-222@647-5gy-mzf,72,0.27039644,Urban
zzy-223@8gf-bnf-cnq,45,0.24407199,Rural
234-222@647-5jm-r49,53,0.08482135,Urban
zzw-224@8gf-rn9-7yv,61,0.18161865,Urban
zzw-226@8gf-dq6-49z,62,0.37818092,Urban
zzy-222@63k-yfg-wkz,71,-0.092670605,Rural
zzy-222@8gf-dfh-6hq,71,0.17505981,Urban
22m-222@63g-24c-y9z,72,-0.044111215,Urban
224-222@8g9-hqx-ffz,72,-0.006522735,Urban
22j-223@647-5h2-yjv,44,-0.3150177,Urban
zzw-222@63f-kkv-wkz,44,-0.22385167,Urban
222-222@8gg-ctx-wc5,44,0.21197914,Urban
226-225@8gg-3hz-wtv,44,-0.174676,Urban
225-223@8gf-drj-jsq,44,0.31755918,Urban
222-222@63f-kpd-5cq,44,0.102602765,Urban
222-223@8gg-3dj-n3q,45,-0.037272938,Urban
222-222@8gg-9cw-wrk,53,-0.08492942,Rural
222-229@8gf-dst-kfz,53,0.09445168,Urban
zzw-227@8gf-r74-85f,53,-0.2120708,Urban
222-222@63g-47w-35z,61,0.2383306,Urban
223-222@8g9-nn9-dsq,61,0.22845581,Rural
222-222@8gf-swy-cdv,61,0.18187812,Rural
zzy-222@8gf-fnp-s3q,62,-0.0015693288,Urban
zzy-222@647-3qh-qzz,71,0.067065366,Urban
222-223@8gg-bgm-6ff,23,0.05865853,Urban
222-227@8gf-dsz-ygk,81,0.102165416,Urban
zzy-222@8gg-3dp-zcq,81,0.26529542,Urban
222-223@8gf-dv5-tqf,44,0.1581862,Urban
223-222@8gg-bfn-kmk,44,0.08104167,Urban
zzw-223@8gg-d8w-m49,45,0.29152912,Urban
227-23b@628-xkm-35z,53,-0.056838423,Urban
zzw-222@8gf-ft5-x89,61,0.134312,Rural
222-222@647-5dn-pgk,62,0.19459482,Urban
zzz-222@8gg-tkk-ty9,71,0.071842305,Urban
222-222@8gf-r5c-g8v,71,0.03343419,Urban
zzw-222@8g9-ndk-cyv,23,-0.16195072,Urban
228-222@8gf-dsb-wkz,44,0.68850493,Urban
222-222@8gg-924-52k,44,-0.022639405,Rural
zzw-223@8gg-9sg-5j9,45,-0.05194911,Urban
222-226@8gg-3gv-fs5,62,0.311704,Urban
zzw-223@8gg-3gs-rrk,71,0.07091256,Urban
zzy-223@63f-hx9-dn5,71,-0.0026607441,Rural
zzz-222@8gf-dsp-zfz,71,0.032552306,Urban
zzz-222@8gf-dv4-7t9,71,0.039265394,Urban
zzw-222@647-5h8-5cq,72,-0.19158712,Urban
zzw-222@8gf-hpm-649,72,-0.010941346,Urban
zzy-225@8gf-g5z-2p9,56,0.018399881,Urban
222-222@8gf-qfm-py9,44,0.120684884,Urban
222-223@8gg-9r6-j5f,44,0.22051983,Urban
222-222@8gf-rw2-8y9,44,0.09215275,Urban
zzw-223@63g-5tm-d9z,52,-0.0332564,Urban
222-222@63f-m3q-hdv,53,0.11788094,Urban
zzy-222@8gg-s5t-5s5,61,0.4150445,Urban
zzy-222@8gg-bzb-kfz,61,0.27280998,Rural
zzw-222@8gg-cwp-tgk,61,0.43832198,Rural
223-223@8gg-tkb-cqz,62,0.36613983,Urban
222-222@63f-kjk-z75,72,0.023858994,Urban
223-222@63g-2d3-bp9,72,-0.19994314,Urban
225-222@8gf-qfn-2x5,72,-0.04437729,Urban
222-223@8gf-dt4-pvz,81,0.2747535,Urban
zzy-222@8gf-dsq-5pv,56,0.056557123,Urban
zzy-222@8gg-3gt-sbk,54,0.22167897,Urban
225-222@8gg-bwx-3t9,44,0.35672924,Urban
zzw-222@63g-2bv-ghq,44,-0.26602247,Urban
zzy-222@8gf-fw6-ndv,44,0.23693483,Urban
222-222@8gf-r79-xkf,44,0.058956075,Urban
223-222@8gf-frs-8gk,44,0.028651383,Rural
222-222@8g9-njp-m49,44,-0.06768724,Rural
225-222@8g9-n5b-8qf,53,-0.22699924,Urban
222-222@8gg-tjy-2hq,61,0.37326822,Urban
zzz-222@8g9-npf-c5z,71,0.21520661,Rural
zzw-222@63g-2h5-wp9,71,0.34800965,Urban
223-222@63f-km3-z2k,72,-0.17413764,Urban
zzw-224@8gg-cvc-sdv,44,-0.2082367,Urban
222-222@8gf-dng-tjv,44,0.16610332,Urban
222-222@647-5jq-qmk,44,0.21481806,Urban
222-223@8gf-dt7-2p9,44,0.16414523,Urban
zzy-222@8gg-tnm-nt9,44,-0.1513744,Rural
223-222@8g9-hyf-s89,44,-0.06677124,Urban
222-222@8gg-bzk-vj9,45,-0.08602665,Urban
zzw-223@8gf-dtg-fpv,53,-0.09639106,Urban
222-222@63g-5ry-qj9,53,0.1625369,Urban
222-222@8gf-r78-tsq,61,0.3147293,Urban
zzw-222@8gg-cvp-rtv,71,0.07993661,Rural
222-222@8gg-c9h-4jv,33,0.006241365,Urban
zzy-222@8gg-3k5-r49,56,0.14106575,Urban
223-223@8gf-dsb-wx5,81,0.17966156,Urban
zzw-222@63f-hqy-tjv,44,0.24782683,Urban
222-222@8gb-kft-ckf,44,0.21449757,Rural
zzw-222@8gg-9tq-jgk,44,-0.020112377,Urban
zzy-222@8gg-bfj-qcq,44,-0.108950935,Urban
zzw-222@8gg-wfj-gzf,44,0.042267878,Rural
222-223@8gg-b2m-gzf,44,-0.021969423,Urban
zzw-222@8gf-r5c-yvz,45,-0.16504918,Urban
223-223@63g-2jz-qpv,53,-0.013866598,Urban
222-226@8gf-fwn-nyv,53,0.039508726,Urban
226-223@647-527-bc5,61,0.17428327,Urban
223-225@8gf-dpd-7qz,62,0.18819176,Urban
zzy-223@8gf-g6q-m49,71,-0.06978592,Urban
222-224@8gg-9tq-87q,71,0.043135267,Urban
224-222@647-5js-vvf,72,0.16491814,Urban
222-222@8gg-ctq-j35,72,0.2290712,Urban
zzy-222@8gg-3j3-btv,72,0.24156682,Urban
222-227@8gg-bgr-f4v,72,0.10909829,Urban
223-223@8gf-drv-v4v,44,0.12600973,Urban
222-223@8gf-fns-5s5,44,0.09741221,Urban
zzw-222@8gf-tgr-6tv,44,0.10219385,Rural
222-222@8gg-7dh-swk,44,-0.08033209,Urban
zzw-222@8gf-dv5-y7q,45,-0.3999685,Urban
222-222@63f-kv2-6rk,53,0.07415293,Urban
zzw-222@647-35y-y9z,53,-0.17901602,Urban
222-222@8gf-fv9-s3q,61,0.17811532,Urban
223-222@8gg-dhb-gtv,81,0.1973271,Urban
zzw-222@647-3gm-9j9,44,0.116047814,Urban
223-222@63g-5jj-47q,44,0.06373912,Urban
222-222@8gg-3mr-tvz,44,-0.007382494,Urban
222-222@63g-2c9-h5z,44,0.10310987,Urban
222-222@8gg-3dg-f4v,53,0.08314374,Urban
222-223@8gf-dsq-3yv,71,0.23156801,Urban
zzz-222@8gg-3kg-f9f,71,0.18301019,Urban
zzy-222@8gg-78p-skf,71,0.10717324,Rural
zzy-222@8gg-34s-g49,71,0.017755862,Urban
242-226@8gf-dst-gzf,72,-0.062783904,Urban
224-222@8gg-3j3-mzf,72,0.032880444,Urban
222-223@8gf-th5-snq,72,0.24113898,Urban
222-22c@8gg-3jv-4qf,81,0.12030987,Urban
zzw-222@8gf-dsd-7yv,44,-0.16027893,Urban
222-223@8gg-5zf-8vz,44,-0.09639111,Rural
zzw-223@8gg-3gw-djv,45,-0.17643899,Urban
zzw-222@8gf-dsw-2rk,53,0.08286054,Urban
zzy-222@63f-kw5-btv,53,-0.12871751,Urban
zzw-223@8gf-px4-cqz,53,0.10562259,Urban
zzy-222@8gg-3hz-z4v,53,0.31315443,Urban
222-222@647-5gm-vfz,61,0.18317628,Urban
zzw-222@8gf-dsg-gp9,61,0.41935626,Urban
222-222@8gg-3gc-g49,61,0.33140332,Urban
zzw-222@8gf-fxv-f2k,61,0.276788,Urban
222-222@8gf-dst-g6k,71,0.18298523,Urban
zzw-222@63g-2hv-pgk,72,0.12966077,Urban
22d-222@8g9-hyr-2p9,23,0.024959413,Urban
zzy-224@8gg-3mr-dvz,81,0.14010854,Urban
223-227@8g9-hzw-ty9,44,0.10565301,Rural
zzw-223@647-5dp-dy9,44,-0.02572165,Urban
zzw-222@8gg-d6v-ygk,44,0.22378102,Urban
zzw-222@8gf-bqf-z9f,44,-0.121266134,Rural
226-222@8gg-bf9-6kz,44,-4.229401e-05,Urban
222-223@8gg-3h7-8jv,45,-0.25379914,Urban
zzw-222@8gf-dst-kmk,45,0.33289555,Urban
223-222@8gf-fw9-k2k,45,0.04405947,Urban
zzw-226@63g-5kf-435,53,-0.051916108,Urban
zzw-222@8gg-csz-gp9,61,0.34602094,Urban
222-222@63f-kke-fj9,62,-0.021978717,Urban
225-224@8gf-fhy-qxq,62,0.034593455,Urban
227-222@8gf-rk4-7bk,72,-0.22907904,Urban
222-224@63g-5hp-wzf,72,0.021344243,Urban
226-222@8gf-pgs-k2k,81,-0.005720059,Urban
223-223@8gf-pqb-6kz,44,-0.07915702,Rural
222-225@647-3gk-vcq,44,0.23625155,Urban
zzw-223@63g-5kz-33q,53,0.09045695,Urban
222-222@8gf-ftf-2ff,61,0.21119328,Rural
zzw-22s@8gg-3jt-q2k,62,0.19222157,Urban
222-222@8gf-pwz-y5f,62,0.35598382,Urban
222-222@647-3qd-m8v,71,0.27833906,Urban
223-224@63f-kvs-2tv,72,-0.11116001,Urban
222-222@8gg-7y2-4gk,72,0.20754582,Rural
zzw-222@8gf-fw9-nt9,31,-0.20696534,Urban
223-222@8gf-rnr-jjv,44,0.124647245,Urban
zzy-222@8gg-d67-pvz,44,0.073809564,Urban
zzy-222@8gf-r5g-mff,45,0.2550274,Urban
zzw-222@8gg-254-whq,53,-0.16782896,Urban
222-224@63g-28d-3kf,53,-0.08392148,Urban
224-225@8gf-dnx-4y9,53,-0.2007559,Urban
223-222@8gg-96x-nh5,61,0.42382494,Rural
222-222@63g-2vt-mzf,61,0.19609243,Rural
zzw-222@8gf-ddy-52k,62,0.19186687,Urban
222-222@8g9-npf-6zf,62,-0.10514479,Urban
zzw-222@63g-2bt-f2k,71,0.2059394,Urban
224-222@647-5jp-4jv,71,0.16488352,Urban
zzw-222@8g9-n5b-dn5,72,0.033274125,Urban
226-223@8gf-dnh-2x5,72,-0.010804718,Urban
222-224@63f-m3r-cqz,72,-0.21024074,Urban
zzy-222@8gf-dps-t7q,72,0.106239215,Urban
zzy-222@647-3ft-c5z,72,0.29670924,Urban
227-23d@628-xkm-35z,23,0.2478989,Urban
222-222@8gf-r7r-qfz,81,0.12004817,Urban
zzy-223@8gf-dpf-4sq,44,0.20063166,Urban
222-224@8gg-3kk-mp9,44,0.24671665,Urban
222-222@8g9-hyh-yn5,44,0.05643401,Urban
222-227@8gf-dk3-d35,53,0.0890895,Urban
223-222@8gg-c9m-9vf,53,-0.18841939,Urban
222-223@647-5jn-vfz,61,0.31787786,Urban
222-222@63f-m3f-7yv,61,0.19175918,Urban
zzy-222@8gf-r7v-rx5,62,-0.18900351,Urban
zzy-222@8gg-3qq-28v,72,0.28043753,Urban
222-222@8g9-nfj-jgk,72,0.13883336,Urban
zzw-222@8gg-3j2-2tv,72,0.189147,Urban
zzw-222@8gf-fw6-w6k,81,-0.028820492,Urban
227-226@8gf-dsc-7t9,44,0.09704593,Urban
zzw-222@63g-2dy-ygk,53,0.3556794,Urban
22b-222@8gf-dry-bzf,53,-0.14318174,Urban
223-222@647-5gy-p7q,53,-0.23843974,Urban
zzw-222@647-52p-c3q,61,0.15676191,Urban
229-222@8gf-dqr-gx5,72,-0.19753869,Urban
223-222@8gf-dnb-cqz,72,0.04584368,Urban
222-222@8gg-3dk-68v,72,0.34631443,Urban
227-222@63g-5m8-cwk,72,-0.12848282,Urban
223-222@8gg-ct5-hkf,44,0.0850184,Urban
222-222@8gg-byz-6hq,44,-0.25421062,Urban
zzy-22d@8gg-3gv-gp9,45,0.21716115,Urban
zzy-222@63f-kvg-n3q,53,0.016298525,Urban
227-225@8gf-dns-45f,53,-0.19144647,Urban
22g-222@8gg-bgz-xnq,53,0.099985,Urban
223-223@8gg-d7q-djv,61,0.056149606,Urban
24b-222@8gf-dng-tqf,62,0.14923914,Urban
222-222@8gg-7xc-rkz,62,0.22109044,Rural
222-222@8gf-pxb-8jv,44,0.39787385,Urban
zzw-224@647-3nv-gx5,44,0.13075227,Urban
zzw-222@63f-kvr-cbk,44,0.1286499,Urban
22q-222@8gf-dt6-6c5,44,0.12779096,Urban
222-222@63f-kky-bp9,53,-0.10176721,Urban
225-222@8gg-3mg-zvf,53,0.2823643,Urban
zzw-222@8gf-hs3-k75,61,0.2686112,Rural
zzy-223@647-3pm-9pv,71,0.024975965,Urban
zzw-224@63f-ktp-c5z,72,-0.29422298,Urban
zzw-223@8gf-fnh-g49,81,-0.12778655,Urban
226-222@647-5fx-f75,23,0.14840075,Urban
zzw-222@8gf-g6t-45f,44,-0.0021092098,Urban
zzy-222@8gg-b5p-dsq,44,-0.0853959,Rural
222-222@63f-kkw-789,44,-0.37920347,Urban
zzw-222@8gg-tht-vmk,44,-0.22617295,Urban
223-22t@8gf-dsp-ty9,51,0.08922464,Urban
222-222@8gf-dqf-nqz,53,-0.13118587,Urban
zzy-222@8gf-g2b-g6k,53,-0.030882388,Urban
zzw-228@8gf-dn5-z2k,53,-0.030617487,Urban
2r3-224@8gf-dst-qvf,54,0.16172609,Urban
222-222@8g9-hzb-st9,61,0.2315654,Urban
226-222@8gg-3m9-8sq,62,0.18728422,Urban
223-224@8gf-dt2-xnq,62,0.23303337,Urban
zzw-222@8gf-dj2-g6k,71,-0.15920022,Urban
222-223@8gg-tk8-j35,71,0.2531039,Urban
zzw-222@647-3q9-j9z,71,0.24212267,Urban
zzw-222@8gf-rqg-bkz,72,-0.009456671,Rural
222-222@8gf-hpm-66k,72,0.09649859,Urban
223-222@8gf-fvc-wp9,72,-0.12712315,Urban
222-222@8gg-thv-dvz,72,-0.096792504,Urban
zzy-222@8gg-tk9-yn5,81,0.07338193,Urban
224-222@8gf-fnx-jjv,81,0.07256362,Urban
222-222@8gf-fs4-2p9,44,-0.24356054,Rural
222-225@8gf-pqy-bff,44,-0.016567368,Rural
223-222@63g-2cb-kj9,44,0.28094828,Urban
223-222@63g-2cb-v4v,44,-0.060712,Urban
zzw-222@8gf-bmf-qs5,44,0.16826855,Urban
zzw-222@8gf-pqy-87q,44,0.46799055,Rural
22n-222@63f-kjp-b49,45,0.28052434,Urban
zzw-222@8gf-rxz-z9f,51,0.014960412,Urban
224-222@8gf-dpf-w8v,53,0.2146133,Urban
zzy-222@647-528-2rk,53,-0.10849725,Urban
222-229@63f-m3j-c3q,53,-0.15527815,Urban
zzy-227@63f-ktp-9j9,53,-0.3105993,Urban
223-222@8gg-b6g-dd9,61,0.21765195,Rural
zzw-222@8gf-dp9-xwk,61,0.38430053,Urban
222-222@8gg-s5m-6hq,61,0.13392799,Urban
zzz-222@8gf-dsq-68v,71,0.46764314,Urban
zzw-222@8gg-8zv-tjv,71,0.28972855,Rural
zzy-222@63k-yfh-fzz,72,0.002059438,Rural
223-222@8gf-bnf-pn5,72,-0.17219241,Rural
zzy-224@647-3qf-cef,81,0.19727686,Urban
222-222@647-3np-rzf,81,-0.08268901,Urban
22d-222@8gg-tcz-pn5,81,0.22631913,Urban
zzy-223@8gf-fnh-3wk,44,0.2868664,Urban
zzw-223@63g-2cz-t9z,44,-0.27753866,Urban
222-222@647-5dc-gx5,45,0.16313651,Urban
223-222@8gf-dry-bkz,53,0.38548666,Urban
222-222@8gg-3j5-qxq,53,-0.08123114,Urban
222-222@647-5hr-z75,61,0.31795508,Urban
zzw-222@8gf-px9-m6k,61,0.17363106,Urban
zzw-222@8gg-tmg-bzf,71,-0.192392,Rural
zzy-222@8gg-wrc-ndv,71,-0.004125277,Rural
222-222@8gf-fnx-5zz,71,0.02154228,Urban
zzy-222@8gf-m88-2p9,72,0.11350883,Rural
zzy-222@63k-yd8-99f,81,-0.17482257,Rural
227-222@8gb-nn8-w49,44,0.051838767,Rural
zzw-222@8gg-3mk-s3q,44,-0.025077423,Urban
zzy-222@8gf-rkc-xh5,44,0.06688893,Urban
zzy-223@8gg-tkf-qxq,52,0.05386704,Urban
zzw-223@63f-kv7-75z,53,-0.25158712,Urban
zzy-222@8gg-254-vfz,53,-0.17241342,Urban
222-222@8gf-q72-kpv,61,0.05941215,Rural
222-222@8gg-s5s-8vz,62,0.20715293,Urban
232-224@8gg-3jt-q2k,62,0.17366077,Urban
zzz-222@8gf-r76-pgk,71,0.18199228,Rural
224-222@63f-ktp-jd9,71,0.08278813,Urban
222-222@647-528-2rk,72,-0.039540507,Urban
222-223@8gg-3fg-4gk,62,0.5209669,Urban
zzy-225@8gf-dt2-xnq,62,0.6051234,Urban
224-223@8gg-b2q-whq,44,-0.029379852,Urban
222-223@8gg-d7n-f9f,45,-0.25403535,Urban
22b-224@647-3qb-3t9,48,0.13900198,Urban
223-224@8gf-dsf-dvz,53,-0.027125936,Urban
222-224@8gf-fwb-jqf,53,-0.23488341,Urban
zzw-222@8gg-d78-5pv,61,0.22794464,Urban
zzw-223@63g-2c8-2c5,61,0.098171756,Urban
222-225@63f-km3-c5z,61,0.4916434,Urban
224-222@8gf-rw3-3bk,62,0.32627925,Urban
zzy-222@8gf-bmj-sbk,71,0.21603793,Rural
zzw-223@63g-2fg-p35,71,0.20353992,Rural
zzw-222@8gg-3j5-nyv,71,0.17298205,Urban
223-226@63f-hqz-xh5,54,0.07449914,Urban
224-223@8gb-kfz-qmk,81,0.21452048,Rural
zzy-222@8gf-fcs-v2k,44,0.1322455,Rural
223-222@8gf-qfn-3h5,44,0.105503276,Urban
223-222@8gg-ctx-dqf,44,0.1517866,Urban
zzw-223@647-5fy-st9,45,-0.16702554,Urban
zzy-222@8gf-fs4-2x5,45,0.0943491,Rural
222-223@8gf-qfh-vvf,53,0.033781014,Urban
zzw-222@63g-2dy-7t9,61,0.4405499,Urban
zzw-222@8gf-px8-sbk,61,0.3868433,Rural
zzy-222@8g9-npf-789,62,0.27126062,Urban
224-222@8gg-95h-rhq,72,0.07015523,Urban
zzw-224@8gg-d6p-3kf,44,-0.24632962,Urban
222-226@8gf-bmh-swk,45,-0.2102225,Urban
222-224@8gg-bz9-xyv,51,0.06863135,Urban
zzw-222@8gf-g54-q9f,53,-0.015501499,Urban
222-223@647-5hx-f4v,53,0.018844735,Urban
222-223@8gf-fnx-5zz,53,-0.096651785,Urban
223-223@8gf-fnb-2p9,53,0.036972906,Urban
222-223@8gg-cts-qvf,53,0.11324357,Urban
zzw-222@8gg-3gt-435,62,0.17541502,Urban
zzw-222@63g-2cf-ygk,62,0.161185,Urban
zzz-222@8gf-r7v-mtv,71,0.37364617,Urban
zzw-222@8gf-fxq-2zf,71,0.21124125,Urban
222-222@8gf-hpn-fpv,72,-0.16098894,Urban
zzy-223@647-3gk-v75,44,0.13754447,Urban
zzy-223@8gg-3jx-jd9,53,-0.17311235,Urban
223-222@8gf-px6-qfz,53,0.04715169,Urban
226-222@647-526-4qf,62,0.10850735,Urban
zzw-222@8g9-hqq-b8v,71,0.20100752,Urban
zzw-222@8gg-3mn-g8v,72,-0.13246487,Urban
223-222@647-3p6-ckf,72,0.4044498,Urban
zzw-222@8gf-fkg-rrk,72,0.057939097,Urban
222-222@8gg-3kk-w6k,44,0.3364672,Urban
zzw-222@63f-kkm-mrk,44,0.21775162,Urban
222-222@8gf-bmh-rzf,44,-0.0063353884,Urban
222-222@8gg-b5m-9s5,44,0.3293169,Rural
222-223@8gg-3kk-mp9,44,0.21418177,Urban
222-222@8gf-dq7-d7q,44,0.24837364,Urban
223-223@8gg-9fj-3wk,44,0.34716368,Rural
222-222@8gf-th5-td9,44,0.08758671,Urban
zzw-222@8gg-3gf-qcq,53,-0.050770152,Urban
22c-223@63f-kkb-c89,53,0.13972695,Urban
zzw-222@8gg-3dg-ckf,61,0.38165513,Urban
zzw-222@8gf-dq5-m49,61,0.19849874,Urban
zzz-222@63g-5jj-kmk,71,0.060773503,Urban
222-222@647-5hv-snq,72,-0.1858115,Urban
zzy-223@8gf-drj-jsq,23,0.20613305,Urban
226-222@63f-kw6-5j9,81,0.11382294,Urban
zzw-222@8gg-tht-zvf,44,0.2715988,Urban
zzw-224@8gf-rfs-x3q,44,-0.051763035,Urban
222-226@8gf-dpr-73q,44,0.14387418,Urban
zzw-226@63f-ksz-nt9,44,0.15288728,Urban
222-224@8gf-dfn-c5z,44,0.09673711,Urban
223-222@8gg-5yd-d5f,44,0.17950077,Urban
222-222@8gf-fnx-5s5,61,0.12895991,Urban
222-22h@8gg-d8q-rtv,71,0.14888974,Urban
223-222@8gf-dtg-8n5,72,0.12249048,Urban
zzy-222@8gf-hrm-s3q,81,0.25971535,Urban
222-223@63f-m3j-c3q,44,-0.008232803,Urban
zzw-222@8gf-th3-qj9,44,0.30688196,Urban
222-222@63g-5kf-n89,44,-0.04648751,Urban
zzw-223@63g-5m9-5fz,45,-0.3631238,Urban
222-223@8gf-g5s-qxq,45,-0.06004465,Urban
227-222@63g-2bt-btv,53,0.20546146,Urban
zzy-222@8gg-bwj-b6k,56,-0.12905563,Urban
222-222@8gf-dq5-zxq,62,0.15360066,Urban
zzz-222@647-5jh-mx5,71,-0.010737282,Urban
zzw-222@8gf-dn8-ct9,72,-0.10002055,Urban
222-223@63f-m3d-s5z,23,-0.013329202,Urban
zzy-223@647-362-gp9,81,-0.13903594,Urban
zzy-222@8gg-3k2-7wk,44,0.09639581,Urban
223-223@647-5jh-t7q,44,-0.01958384,Urban
zzy-222@8gb-khh-vcq,44,0.077228725,Rural
224-222@63g-5jq-6hq,44,0.0088364,Urban
22d-222@8gf-hpm-47q,53,-0.054745913,Urban
222-225@63f-kvq-n5z,55,0.27997023,Urban
222-222@8gg-crn-nwk,61,0.36290833,Urban
224-222@647-5gb-g8v,62,0.046285328,Urban
233-223@8gg-3jt-q2k,62,0.17577772,Urban
225-222@8gf-fnm-3kf,71,0.4412153,Urban
zzy-222@63g-2b4-kpv,72,0.105331086,Urban
224-222@8gf-rxy-4qf,81,0.06453545,Urban
zzy-222@647-3nm-j7q,23,0.08890301,Urban
22j-222@63f-kkb-c89,44,-0.021628827,Urban
zzy-222@8gg-9cv-psq,44,-0.05675714,Rural
zzw-222@8gg-b5m-4qf,53,0.025791941,Rural
zzy-224@63g-5hn-8sq,53,-0.047841363,Urban
zzw-222@8gf-fnx-8sq,53,-0.02506337,Urban
zzw-222@8gf-fnw-jn5,53,-0.117157586,Urban
zzy-222@646-fn8-wrk,53,0.19506076,Rural
225-222@63g-5tm-jn5,53,-0.3875297,Urban
222-222@8gf-rdb-8sq,61,0.35198328,Rural
zzw-222@8gg-d77-33q,61,0.21669123,Rural
zzy-222@8gg-62h-bff,62,-0.031031739,Urban
222-222@8gf-ds6-tgk,62,0.22908299,Urban
224-224@8gf-dsq-6kz,71,0.1417744,Urban
224-222@63f-m35-vmk,72,0.20897129,Urban
zzy-222@8gg-9fv-v9f,81,-0.14255004,Rural
zzw-222@8gg-s5s-2kz,44,0.067748904,Urban
zzw-222@647-5jk-rkz,44,0.113393955,Urban
222-223@8gg-crw-mff,44,0.21875706,Urban
zzw-222@8gg-3f5-7bk,53,0.23336294,Urban
zzw-223@63g-47x-4gk,61,0.22666912,Rural
zzw-222@8gf-hgv-zxq,62,0.25330457,Urban
zzw-223@8gg-c2b-389,62,-0.1303851,Rural
222-226@8gg-9fg-4gk,62,0.18507503,Rural
222-222@8gb-kfd-4y9,62,0.31564116,Rural
zzz-222@8gf-r5d-3h5,71,0.09077874,Urban
zzz-222@8gg-3jg-r6k,71,0.19010109,Urban
222-222@8gf-drh-k75,72,-0.007048513,Urban
222-223@8gf-dn8-ckf,44,-0.007425583,Urban
225-222@8gg-3fn-f4v,44,-0.022849964,Urban
222-223@8gg-d7p-5zz,52,0.055914387,Urban
zzw-222@8gf-dqf-qmk,53,0.12425619,Urban
zzw-222@8gf-dq9-kfz,61,0.29583693,Urban
zzw-22g@8gf-dsd-c3q,62,0.2767124,Urban
zzw-222@8gf-dt2-cqz,71,0.3169561,Urban
zzw-223@8gf-g5z-5cq,44,0.015877673,Urban
222-222@63g-5t2-7h5,44,-0.10971687,Urban
222-222@63g-2jr-dgk,44,0.2750081,Rural
222-227@63f-m35-vj9,44,0.21329924,Urban
228-222@8g9-hsf-hqz,53,-0.22006619,Urban
228-222@8gf-dsf-brk,53,0.17464435,Urban
223-222@63f-hqz-bx5,61,0.17728102,Urban
zzw-222@8gg-3gb-ndv,61,0.31649613,Urban
222-222@647-3pj-tn5,62,0.21390691,Urban
zzy-222@8gg-3gw-8qf,71,0.049045555,Urban
22g-222@647-3q9-w49,72,-0.06251839,Urban
222-222@63g-5jh-6ff,72,-0.20332593,Urban
zzy-222@647-5h2-yjv,54,0.2879845,Urban
zzy-222@647-3d2-nyv,81,0.16985744,Urban
224-222@647-5br-pd9,81,0.026640393,Urban
222-224@8gg-9sq-5pv,44,0.024976527,Urban
zzy-223@8gf-qx3-gzf,44,-0.096698254,Rural
222-222@63g-5kg-fmk,44,0.27486786,Urban
222-222@8gf-fnh-35z,44,-0.038408175,Urban
zzw-223@8gg-cvc-v4v,44,0.09299864,Urban
222-223@8gg-9tq-8jv,53,-0.0800681,Urban
222-222@8gg-tht-zxq,53,-0.20274541,Urban
22w-222@8gf-dpd-7nq,62,0.19515473,Urban
223-223@8gf-dnh-gp9,62,0.05324281,Urban
zzz-222@8gg-32g-f75,71,0.09388704,Rural
224-222@8gf-tm5-j35,71,0.008172346,Rural
zzw-222@8gg-bcf-d9z,71,-0.11831857,Rural
223-222@8gg-bzk-s3q,72,-0.040071663,Urban
zzw-222@647-3nf-qfz,72,-0.19343221,Urban
zzy-223@63k-ywn-rrk,44,0.12409106,Rural
zzy-222@63f-hqt-b8v,44,0.0771045,Rural
224-222@63f-kkc-z2k,44,0.069773324,Urban
222-222@8gg-6kh-btv,49,0.19433257,Rural
zzy-222@8gf-r7r-wx5,61,0.38116154,Urban
227-223@8gf-ddy-52k,62,0.19158758,Urban
zzw-222@8gf-qfn-3dv,62,0.22592622,Urban
zzz-222@8gg-33x-gzf,71,-0.056352086,Rural
zzy-223@63g-46m-q9f,72,0.02190483,Urban
222-222@63f-m3q-grk,72,-0.21181951,Urban
zzw-222@8gf-r73-9xq,72,0.23364337,Urban
222-222@8gf-hcj-gc5,44,-0.15724276,Rural
22m-222@8gf-g43-89z,44,0.29642513,Urban
228-222@8gg-2ky-3qz,52,-0.094479136,Urban
22r-222@63f-ksz-jsq,53,-0.0042525856,Urban
zzw-222@8gf-dsg-7t9,61,0.18222325,Urban
zzy-222@8g9-nvc-mx5,61,-0.09479526,Urban
zzy-222@8gf-fw9-nwk,72,0.03439628,Urban
zzy-222@8gg-d7d-5j9,81,0.102244675,Urban
zzw-223@63f-kw6-q2k,44,-0.06104967,Urban
222-224@63g-5jg-9cq,53,0.20550896,Urban
zzw-222@63f-kvj-rzf,53,0.30727917,Urban
zzw-226@647-5gb-fvf,53,-0.17513415,Urban
222-222@63f-kkr-cnq,55,0.081435494,Urban
222-222@8gf-bwk-j35,61,0.2923821,Urban
222-222@8gg-3gr-2tv,61,0.0871539,Urban
222-223@8gf-dt2-7yv,61,0.1695891,Urban
222-223@8gf-tnj-3bk,62,0.15326953,Rural
zzw-222@63f-ksr-k9f,71,0.17819059,Urban
zzw-222@8gg-922-k75,71,0.23760009,Rural
222-223@8gg-3jm-qxq,72,-0.21416143,Urban
22d-222@647-3mv-h3q,81,0.41873705,Urban
zzy-224@8gf-qfn-5zz,23,0.2046591,Urban
zzw-222@8gf-fng-v75,44,0.24903789,Urban
222-222@63f-vcj-5vf,44,0.057376534,Urban
222-223@647-3py-zvf,44,0.05210916,Urban
zzy-222@8gf-r72-7yv,44,0.03174885,Urban
223-226@8gf-g6r-wx5,44,0.14439704,Urban
224-223@8gg-3mp-ysq,44,0.13227002,Urban
zzy-223@8gf-hn6-xdv,44,0.17798378,Rural
zzw-224@63f-kkp-28v,53,0.07624603,Urban
229-223@8gf-dnk-wtv,53,0.009004441,Urban
zzy-225@8g9-hyq-jy9,53,-0.024209406,Urban
222-222@8gg-bzj-m8v,61,0.19403869,Rural
zzw-223@8gg-d73-575,61,0.3318261,Urban
zzw-222@63f-kr6-9s5,71,-0.008567914,Urban
223-222@8gf-rkc-btv,72,-0.065918036,Urban
222-222@8gf-dst-mff,92,0.10440084,Urban
224-222@63g-5tf-h89,33,0.10047749,Urban
zzw-222@8gf-fkp-nnq,44,-0.024246193,Urban
zzw-222@63g-2dv-c5z,44,0.20142557,Urban
222-223@8gg-b4z-jsq,52,0.20249441,Rural
zzw-222@63g-54m-ndv,53,-0.22654521,Urban
223-222@8gf-pzb-89z,53,0.05300106,Rural
zzz-222@63g-5kb-ghq,71,-0.035585664,Urban
zzy-222@647-5hm-cnq,71,0.24920122,Urban
222-222@8gf-fqw-ks5,72,0.124269456,Rural
224-222@8gf-qfm-zzz,72,0.20900457,Urban
22c-224@8gf-dt2-st9,62,0.38166165,Urban
222-222@63f-kjy-k2k,44,-0.061808933,Urban
222-222@8gf-rkc-b6k,44,-0.35316876,Urban
224-222@8gg-3h9-vpv,44,-0.095672466,Urban
223-226@8gg-9fj-3wk,44,0.31793025,Rural
222-224@8gf-dj9-xwk,44,-0.25753948,Urban
zzw-223@8gg-cts-2c5,44,-0.34015656,Urban
zzw-222@8gf-dqc-bhq,45,-0.14449601,Urban
222-22j@8gf-fyt-btv,56,-0.22221912,Urban
222-222@63f-kjk-py9,61,0.2912665,Urban
222-222@8gg-d8b-nh5,62,0.19640589,Urban
zzy-222@8gf-dhv-q4v,71,-0.13427521,Rural
zzy-222@8g9-hps-2zf,72,0.050687198,Urban
222-222@8gg-thv-c89,72,0.009476799,Urban
227-222@8gf-qfp-f9f,72,0.014704058,Urban
224-222@8gg-ctq-f75,72,0.104598925,Urban
222-226@8gb-kfs-yd9,72,0.010894168,Rural
222-225@8gg-3fh-rtv,53,0.19694938,Urban
zzw-222@8gf-tg4-8jv,53,0.17850763,Urban
226-222@63g-5m8-qvf,53,-0.08147175,Urban
zzw-222@647-3nf-sdv,53,-0.27256912,Urban
zzw-222@647-5js-cqz,61,0.14929412,Urban
222-222@63g-48c-7qz,61,-0.061385777,Urban
222-224@8gg-3m9-8sq,62,0.30826256,Urban
zzw-222@8gg-9ss-sdv,71,0.041428436,Urban
zzy-223@63f-m3p-4qf,71,0.23750044,Urban
zzw-224@63g-2jt-s3q,72,0.13566086,Urban
zzw-226@8gf-r6z-mff,72,-0.0830882,Urban
zzw-222@8gg-924-4vz,72,0.04075502,Rural
229-224@8gf-dng-vxq,72,-0.34403893,Urban
zzy-222@8gf-rny-yqf,53,-0.14132994,Urban
222-222@8gg-tkm-d7q,61,0.4506046,Urban
222-222@8gg-3kg-f9f,71,-0.00096035004,Urban
zzw-222@8gg-d7m-8qf,71,0.18270342,Urban
222-222@8gg-3h9-vvf,72,0.043687712,Urban
223-222@8gf-bmh-rrk,72,0.12519848,Urban
zzy-222@8gf-m87-y5f,92,0.40502474,Rural
226-222@8gf-dsp-y35,44,-0.021090724,Urban
223-222@647-36q-8n5,53,-0.2019015,Urban
223-222@8g9-hyr-vxq,53,0.0637343,Urban
222-222@8gg-d4z-snq,61,0.06933656,Rural
zzw-222@63g-482-9s5,61,0.15230072,Urban
zzy-222@8gg-9tn-66k,61,0.057606824,Urban
22f-222@8gg-d66-9zz,71,0.033594795,Urban
zzw-222@8gg-99n-j9z,71,0.27871603,Rural
222-222@8gf-g5z-2tv,72,0.30594587,Urban
224-222@8gg-c9p-2tv,72,-0.22634856,Urban
zzw-222@8gg-9c4-brk,72,0.015097307,Rural
zzy-223@8gf-rny-xnq,81,0.06496504,Urban
224-222@8gf-dt2-st9,62,0.36250702,Urban
222-222@8gg-3kt-wx5,44,0.2500088,Urban
222-222@8gg-758-w49,44,-0.02343224,Rural
222-223@8gg-3mm-3dv,44,-0.23481877,Urban
22f-222@63g-5jh-j7q,44,-0.023130033,Urban
222-223@63f-kjz-gzf,44,0.27898496,Urban
zzw-23c@63f-kvg-8qf,44,-0.06889767,Urban
222-224@8gg-9sw-fpv,53,-0.2501819,Urban
222-222@63g-2vt-jsq,61,0.3588524,Rural
zzz-222@63g-2c6-35z,71,0.056441993,Urban
222-222@8gf-fkk-qzz,72,-0.09910377,Urban
222-222@647-5jp-8jv,72,0.3138299,Urban
222-223@63f-ktq-54v,72,-0.0103865685,Urban
zzy-223@8gf-br2-4y9,33,0.26693994,Urban
222-223@63f-km3-vvf,44,-0.37161857,Urban
222-223@8gf-fxy-gc5,44,0.12101938,Urban
222-222@8gg-3kb-zpv,53,-0.08731835,Urban
zzy-222@647-5c7-4vz,53,0.07630153,Urban
zzy-222@8g9-np4-d9z,62,-0.118669316,Urban
zzy-226@647-2xy-45f,62,-0.06825403,Urban
zzw-224@63f-kjt-bff,71,0.08342058,Urban
zzy-222@8gg-bdf-qs5,71,-0.21255897,Rural
zzw-228@647-3qb-4d9,72,0.02128229,Urban
23k-222@647-5hx-dy9,72,-0.12697469,Urban
zzy-223@8gf-dst-k2k,48,0.07630096,Urban
222-222@8g9-hzb-tn5,44,-0.17814368,Rural
zzw-226@647-37x-8vz,44,-0.033635978,Urban
222-222@8gg-bcf-8d9,44,-0.3506446,Rural
zzy-223@8gg-cbt-5fz,44,0.13262232,Rural
222-222@63f-ktf-cbk,44,0.08964789,Urban
222-223@647-5jj-89z,44,0.21309537,Urban
zzw-222@63f-kw6-kmk,51,-0.003126029,Urban
227-222@647-35z-c89,53,-0.20186804,Urban
zzy-224@8gf-tg5-bx5,53,-0.17007083,Urban
222-222@8gf-ds2-kxq,61,0.20647188,Urban
zzy-223@8gf-bnf-bp9,62,0.06241687,Rural
zzy-222@63g-2ck-mtv,71,0.1542288,Rural
zzy-222@647-3gs-49z,71,0.3647901,Urban
zzw-222@8gf-t46-jd9,71,0.119719155,Rural
22c-222@8gf-pz9-gx5,71,0.1442779,Urban
zzy-222@63f-m3f-fcq,71,-0.09162088,Urban
224-222@8gf-tgb-8d9,72,0.16187099,Urban
222-222@8gg-ctr-3kf,44,0.3291188,Urban
zzw-222@63f-kkv-8jv,52,-0.21319921,Urban
223-223@8gf-dry-zs5,53,0.25968984,Urban
222-222@647-3mt-qs5,53,-0.27686214,Urban
zzw-222@63f-vcd-9cq,61,0.2687285,Rural
zzw-222@8gf-bnc-nnq,62,0.20189089,Rural
zzz-222@63g-259-ysq,71,-0.12004912,Rural
zzw-222@8gf-rny-zvf,72,0.0063384734,Urban
222-222@8gf-dnh-4d9,72,0.22990735,Urban
zzy-222@63f-hsm-5fz,23,0.26837796,Urban
228-222@8gf-fw9-k2k,44,-0.06412017,Urban
223-222@647-5hw-hkf,44,-0.02403918,Urban
zzw-222@8g9-n9h-b8v,44,-0.2612671,Rural
235-222@647-5hx-dy9,44,-0.02291544,Urban
zzw-228@8gf-dnh-4vz,44,0.10029446,Urban
224-222@63g-2cm-xbk,45,0.043590855,Urban
zzw-222@8gf-dpc-vfz,61,0.40054604,Urban
zzw-222@8gf-r5c-ygk,71,0.02085901,Urban
222-223@8gf-r76-ckf,72,0.28130725,Rural
223-222@8gf-hrk-mzf,72,-0.011260625,Urban
222-222@8gf-fnr-bff,72,0.08483908,Urban
zzy-222@8gf-dv7-28v,48,0.06384251,Urban
zzy-222@8gg-3fm-rhq,56,0.17030106,Urban
zzw-225@63f-ksz-jqf,44,-0.33108193,Urban
223-222@8gg-3j6-dd9,44,0.16720858,Urban
229-223@8gf-g5j-zcq,44,-0.10764816,Urban
zzw-222@647-5gy-y35,45,0.12147288,Urban
228-222@647-3mv-b49,53,-0.1046761,Urban
222-224@647-5hw-j7q,53,-0.268828,Urban
222-223@63g-2h5-jd9,53,0.07457431,Urban
zzw-222@647-3mt-rp9,53,-0.00087001105,Urban
zzw-222@8gg-ctz-4d9,61,0.23995908,Urban
238-222@8gf-dtf-p7q,61,-0.005122835,Urban
zzy-222@63f-km2-pvz,71,0.2223402,Urban
22n-228@63f-kvj-udv,56,0.27905694,Urban
zzw-222@8gf-px9-wzf,44,-0.2935371,Urban
223-222@8gf-rx4-3nq,44,0.033603292,Urban
222-222@8gf-ddy-6c5,44,-0.05338345,Urban
zzw-222@63g-2bv-52k,53,-0.01848586,Urban
237-227@647-3qm-d9z,53,-0.07093208,Urban
227-222@8gg-b5k-x89,53,-0.08848932,Rural
226-222@8gg-tkb-g8v,61,0.20210844,Urban
222-223@8gf-dpd-7h5,62,0.31843007,Urban
zzw-222@8gf-g5r-wrk,62,0.2786597,Urban
zzy-222@8gf-r5f-2ff,71,-0.07944432,Urban
222-222@8gf-bmn-54v,72,0.24252824,Urban
zzy-222@647-3q5-5zz,72,0.12898527,Urban
zzw-222@8gf-hpm-5s5,81,0.013253704,Urban
224-223@8gg-d52-rc5,44,0.25193942,Urban
224-222@8gf-r5p-y7q,44,0.11584367,Urban
223-222@8g9-hqp-wzf,44,0.005861351,Urban
zzy-222@8gf-drp-kfz,48,0.12623237,Urban
zzy-222@647-3gm-rff,52,0.014241909,Urban
zzw-226@8gf-dsg-zs5,53,0.11879998,Urban
222-223@8gf-dj2-9cq,53,0.016552297,Urban
zzw-222@63g-24c-6rk,61,0.17688902,Rural
zzw-222@8gf-fxm-dn5,61,0.24052654,Urban
222-222@8gg-bfj-ndv,61,0.1791566,Urban
zzw-222@647-5hr-tjv,62,0.12651893,Urban
zzy-222@647-3qb-5fz,71,0.2683763,Urban
zzy-222@647-5hs-9pv,71,0.16084056,Urban
zzw-222@8gf-rnz-28v,72,0.22311382,Urban
zzy-223@8gf-r74-7yv,72,0.19914827,Urban
zzy-222@647-5h7-zfz,23,0.10991186,Rural
zzy-222@8gf-rmw-m8v,33,0.00010704994,Urban
zzy-222@8g9-nxb-gkz,44,-0.023073385,Rural
227-222@8gg-d8q-ndv,44,0.053994223,Urban
227-222@8gf-r6x-xbk,44,0.1264373,Urban
222-222@63g-5kg-ffz,45,-0.35148066,Urban
22d-222@8gg-d7d-n3q,53,0.22169152,Urban
zzw-222@647-3qd-5j9,53,-0.0008969235,Urban
22b-223@8gf-dnh-75z,62,0.15321301,Urban
222-222@8gg-9sr-kvf,62,0.19126631,Urban
zzy-222@8g9-nvc-87q,71,0.45475632,Urban
zzz-222@8gg-3j7-2tv,71,-0.004642898,Urban
zzy-223@647-3nc-h89,71,0.146977,Urban
zzw-222@8gf-dqh-5vf,71,0.11678583,Urban
zzw-223@8gg-3jm-rhq,72,-0.06557868,Urban
zzy-222@647-5j2-q4v,72,0.18728335,Urban
zzy-223@8gb-nn9-gx5,81,-0.10931237,Urban
225-222@8gg-3jt-vmk,81,0.16736796,Urban
223-222@8gg-bh2-hqz,44,0.25806946,Urban
222-222@647-5ht-q75,45,0.25537673,Urban
222-224@8gf-g43-89z,53,-0.002728296,Urban
222-222@8gg-bjr-ks5,61,0.23910329,Rural
222-222@8gf-dqr-f9f,72,0.1638074,Urban
222-222@63g-2d2-x5z,33,0.17167494,Urban
zzy-224@647-3qm-dgk,56,0.2383913,Urban
zzy-224@8g9-k7p-wx5,44,0.01838783,Rural
222-222@63g-2h7-5s5,44,0.24241328,Urban
zzw-222@8gg-3fk-w6k,61,0.21333691,Urban
zzw-222@63f-kvh-c5z,61,0.07472094,Urban
zzw-222@63g-2ct-snq,61,0.3873321,Urban
222-222@647-3q3-h5z,62,0.32024848,Urban
zzz-222@8gf-qfp-575,71,0.3056978,Urban
227-222@8gf-g5x-y5f,72,0.42347348,Urban
222-222@647-5gb-qj9,72,0.06433027,Urban
zzy-222@8gf-fpk-b49,72,-0.17892879,Rural
zzw-223@8gg-bwx-mhq,72,-0.10502097,Urban
222-222@8gg-cs8-49z,33,0.28684366,Urban
223-222@63f-m2p-w8v,44,0.2661516,Urban
222-223@63f-kkd-g6k,44,0.06891517,Urban
224-228@8gf-dpx-49z,44,-0.08294773,Urban
222-222@63f-kjk-xt9,44,0.13460566,Urban
zzw-222@8gg-9sw-fzz,45,-0.12358762,Urban
223-222@8g9-hqs-vvf,61,0.20433551,Urban
223-222@8g9-hzg-nh5,62,0.14882287,Urban
222-222@8gf-bmb-4jv,92,0.26319334,Urban
223-225@8gf-r75-9j9,92,-0.032331858,Urban
zzy-224@8gf-dv5-tjv,48,0.04576909,Urban
22n-222@63f-kkt-4gk,44,-0.07884477,Urban
23x-223@63f-m32-gzf,44,-0.16626287,Urban
zzy-223@8gf-fpj-m8v,44,0.05866149,Rural
zzw-222@8gf-qyr-z75,44,0.1904587,Rural
222-223@63g-486-qpv,44,0.11311054,Urban
zzy-226@8gf-dsx-5fz,44,-0.062288515,Urban
22k-223@63f-kkv-w8v,53,-0.15678741,Urban
229-222@8gg-wq3-28v,53,-0.024085775,Rural
222-222@63f-kkp-6x5,61,0.26951668,Urban
zzy-224@8gg-3mf-jy9,56,0.19262303,Urban
zzw-222@8gf-r7v-m6k,44,-0.012731386,Urban
zzw-223@8gf-fd6-m49,44,0.10418258,Rural
zzw-223@8gf-pgf-m49,44,-0.1674551,Urban
zzy-222@8gg-rqg-d7q,44,-0.11292353,Urban
222-225@8gf-r6b-ndv,53,0.0006581653,Urban
225-223@8gf-g5t-dvz,53,0.044660598,Urban
zzw-222@8gg-c9m-9vf,53,-0.029484345,Urban
zzw-222@647-3qd-wkz,71,0.22488399,Urban
222-222@8gg-d7p-7bk,72,0.20692837,Urban
222-223@63f-kh8-qxq,45,0.20564012,Urban
zzw-223@8gf-cyk-x89,61,0.113533944,Rural
222-222@8gg-s5s-8d9,61,0.1971643,Urban
222-226@8gf-dt2-xwk,62,0.22913127,Urban
zzz-222@63f-kvj-4qf,71,0.053817555,Urban
222-222@8gf-fnr-g49,72,0.14431886,Urban
227-222@8gf-dsc-7t9,72,-0.22832257,Urban
222-225@8gf-dt7-b49,81,-0.050273668,Urban
222-223@63g-46c-tn5,81,0.2362723,Urban
223-223@8gf-ds4-pjv,56,0.18600951,Urban
223-223@8gg-bcn-2c5,44,-0.16317761,Rural
zzw-225@8gg-3hx-qj9,49,0.19692008,Urban
222-222@8gf-fy2-g8v,53,-0.03319508,Urban
zzw-229@8gg-348-td9,53,-0.17322482,Urban
222-223@8gf-rx4-4vz,61,0.13886596,Urban
222-224@8gg-628-fcq,62,0.141104,Urban
zzw-222@647-3q9-kmk,71,-0.1747526,Urban
zzy-222@8gf-fs4-2zf,72,0.036314756,Rural
223-222@63g-2cg-vvf,72,-0.114729345,Urban
zzy-222@8gf-dqr-hnq,72,0.1332069,Urban
229-222@8gf-drh-whq,72,0.10660004,Urban
222-223@63f-kts-zxq,32,-0.009703275,Urban
zzw-222@8gf-mkb-w49,81,-0.12006552,Rural
222-222@8gf-fns-5mk,44,-0.15567076,Urban
zzy-222@8g9-n8n-z75,44,-0.12292194,Rural
223-223@8gg-bgt-m49,44,0.14885864,Urban
222-223@8gg-3f5-73q,44,0.1843067,Urban
222-224@63g-5jv-y5f,44,0.23376723,Urban
226-222@8gf-bmc-sdv,44,0.2620302,Urban
zzw-222@8gg-ctr-7wk,53,-0.072375715,Urban
222-222@8gg-3gc-qvf,61,0.21447356,Urban
222-222@8gf-r55-s89,61,-0.16626748,Urban
222-223@8gb-kfs-yd9,72,3.4028835e-05,Rural
223-223@63f-m3f-f4v,72,0.21203208,Urban
226-222@8gf-r66-vxq,44,-0.020952709,Urban
zzw-223@8gg-6dp-z75,44,0.003940893,Rural
229-224@8gg-th9-qxq,53,0.10338494,Urban
222-223@8gg-3dh-9s5,53,0.58426523,Urban
zzw-222@8gg-9r6-fs5,61,0.09982108,Urban
zzy-222@63g-2c7-nyv,72,0.13024566,Urban
zzy-222@8gf-px2-rtv,22,-0.19410266,Urban
222-223@63g-2bs-f2k,45,-0.011521441,Urban
zzw-222@8gg-d7p-d5f,51,0.06099597,Urban
223-222@63f-ktq-c5z,53,-0.09598245,Urban
zzy-223@8gf-dpr-ewk,53,-0.087300114,Urban
229-223@8gf-dpd-7qz,62,0.18261257,Urban
zzw-222@8gg-d68-66k,62,0.21460201,Urban
zzw-223@8gf-dpt-dvz,72,0.027497895,Urban
zzw-222@8gg-3kb-fzz,72,0.25909922,Urban
zzw-222@8gf-pxp-fj9,72,-0.044352148,Urban
229-222@8g9-npd-8gk,54,0.33910993,Urban
223-222@8gf-dt6-jgk,44,-0.2027586,Urban
222-222@63g-25c-djv,44,0.32205096,Urban
222-226@8gf-dnh-3h5,44,0.37982586,Urban
zzw-224@8gf-dv5-7dv,53,-0.048325278,Urban
zzw-222@63g-5hf-wtv,61,0.21398021,Urban
zzz-222@647-3qc-rc5,71,0.25957796,Urban
zzy-223@8gg-tkm-5j9,71,-0.031932484,Urban
222-223@8gf-fw7-4qf,72,0.027759595,Urban
zzy-222@8gg-9st-xt9,44,0.020201525,Urban
222-222@63f-ksv-26k,44,0.20810592,Urban
222-224@647-5g4-jy9,44,0.24331576,Urban
222-223@63f-m3q-f9f,45,-0.17016844,Urban
222-222@8gg-3hv-5mk,49,0.21466711,Urban
zzw-223@8gg-d7d-wx5,53,-0.0794255,Urban
222-223@8gf-g54-qs5,53,0.24725828,Urban
zzw-222@8gg-bdb-8sq,53,-0.19659908,Rural
zzw-222@8gf-g4z-mrk,53,0.12062906,Urban
224-222@63g-2f6-g49,72,0.21155868,Urban
223-223@8gf-rn8-w6k,72,-0.1817596,Urban
zzy-222@8gb-ns3-2kz,81,-0.17335464,Urban
222-223@8gg-th9-mx5,92,0.15435266,Rural
zzy-222@63f-ktn-6tv,44,0.13013758,Urban
224-223@8gf-dnx-4y9,44,-0.17237514,Urban
222-223@8gf-bkv-6zf,44,-0.17705816,Rural
zzw-222@8gg-9tq-j9z,44,0.07955587,Urban
zzy-222@8gg-3kk-7yv,48,0.061592717,Urban
222-223@8gf-dqd-2ff,62,-0.29844975,Urban
229-226@8gf-ddy-52k,62,0.19372179,Urban
zzy-222@63g-5m9-ct9,72,0.085899666,Urban
222-222@8gf-fw8-grk,72,0.020278728,Urban
22h-222@8gf-dnh-4gk,72,0.2362827,Urban
222-223@63g-2c6-y7q,81,0.07173942,Urban
zzw-222@63f-gxm-mff,81,0.11687799,Urban
223-224@63g-46m-qj9,44,-0.22124402,Urban
zzw-222@8gf-dnh-d5f,44,-0.084632054,Urban
222-222@8g9-n8w-kcq,44,-0.030056268,Rural
zzy-222@8gf-fv9-v75,61,0.08784914,Urban
zzw-222@8gg-9tm-ygk,61,-0.09577608,Rural
zzy-222@8gg-347-5mk,72,0.32088053,Urban
222-223@8gb-kfz-r49,72,0.37141788,Rural
222-222@63f-m3p-fpv,72,0.07477763,Urban
223-222@8gf-dt7-b49,72,0.07753391,Urban
22b-222@8gg-3g9-vs5,81,0.30703023,Urban
222-225@63g-2h5-fcq,81,-0.3178773,Urban
zzw-222@8gf-g5x-pn5,44,0.20084967,Urban
222-223@8gf-dsj-249,53,0.10084131,Urban
zzw-223@63g-47y-75z,53,-0.03451946,Rural
zzy-225@8gf-dpw-2x5,53,-0.37245148,Urban
zzw-222@8gf-bwf-yqf,61,0.27506718,Urban
zzy-222@8gg-th6-ghq,61,0.102887325,Urban
226-222@8gf-rny-zzz,62,-0.18365975,Urban
zzw-222@8gg-d8q-p5f,72,0.17041612,Urban
224-222@8gf-px2-4n5,72,-0.10275688,Urban
224-223@8gf-r5g-7nq,72,0.10082539,Urban
zzw-223@63f-kjs-j9z,44,-0.18410362,Urban
zzy-223@63f-m3p-g49,53,-0.17394274,Urban
zzy-222@8gf-frt-5zz,53,0.050713774,Rural
zzw-222@647-4zy-6hq,61,0.20349672,Urban
222-22b@8gf-g3y-wc5,62,0.27905095,Urban
zzz-222@63g-2jw-5s5,71,-0.06935958,Urban
229-229@8gf-fng-q75,71,0.11695612,Urban
228-223@647-3qb-qzz,81,0.11404615,Urban
222-223@8gf-pfj-4jv,44,-0.047451735,Rural
222-223@8gg-bgz-xnq,44,0.22408079,Urban
222-224@8gf-qfm-py9,44,0.06674318,Urban
zzy-222@8gg-s5v-rff,44,0.0052616233,Urban
zzw-223@8gg-d66-73q,45,0.12787032,Urban
23c-222@647-5hx-dy9,51,-0.019820098,Urban
222-222@63f-kh8-rrk,61,0.18319614,Urban
zzw-222@8gg-8yq-ghq,61,0.17358217,Rural
zzy-222@8gf-q6x-dd9,71,0.23197696,Rural
222-223@8gg-3mg-y5f,72,0.07615674,Urban
zzy-222@63g-47y-bkz,23,0.17719537,Rural
zzw-222@8gf-hpk-6c5,81,0.10439696,Urban
222-223@8gf-d87-789,44,-0.04323122,Urban
zzy-223@8gg-tmf-nbk,44,0.10847564,Rural
zzy-223@647-5g7-xh5,44,0.24994835,Urban
222-222@8gg-3mp-rkz,44,0.25351122,Urban
222-223@8gg-tk8-t5f,53,0.12085323,Urban
22b-222@647-363-zpv,53,0.13498917,Urban
zzw-224@8gf-dv5-td9,53,-0.116447434,Urban
222-223@63f-kvk-nbk,61,0.27191633,Urban
222-223@63g-486-mkz,72,0.0365328,Urban
222-222@63f-kv6-9cq,72,0.32290742,Urban
zzy-223@8gg-2yr-rhq,81,0.31907767,Urban
222-222@8gg-bfd-qxq,44,0.2598829,Rural
224-222@8g9-npd-789,44,0.11052055,Urban
zzw-223@8gf-bnf-mzf,44,-0.14651944,Rural
226-222@63f-ksq-n89,44,-0.11655471,Urban
222-223@8gf-dng-tjv,44,0.057484657,Urban
zzw-222@8gf-hcg-hwk,61,0.25677794,Rural
zzw-222@8gf-dsq-m49,61,0.046929885,Urban
zzy-222@8gg-3gv-r8v,61,0.1002416,Urban
zzw-222@647-3qf-cdv,71,0.14745241,Urban
zzw-224@63f-m29-bp9,72,-0.16777296,Urban
zzy-223@8gb-khh-jn5,44,0.07063234,Rural
zzw-222@8gf-d5j-xt9,44,0.30137345,Rural
225-222@63f-kvj-udv,53,-0.061644547,Urban
zzy-222@8gf-fwz-tn5,54,0.083544515,Urban
224-223@8gf-bm9-bkz,62,0.2748918,Urban
zzw-223@647-5gf-sdv,71,0.053601626,Urban
2gz-227@8gf-dsm-mzf,71,0.0079894215,Urban
222-222@8gg-bzk-j7q,72,0.0077199214,Urban
223-222@8gf-dqr-fxq,72,0.02886488,Urban
222-222@63g-2d7-mp9,72,-0.2651796,Urban
zzy-222@63f-kfn-7h5,81,0.09698579,Urban
zzy-222@63g-2c5-v2k,32,-0.11602215,Urban
zzy-224@8gf-tg5-f9f,81,0.013018102,Rural
233-222@8gg-34m-v4v,42,0.2211337,Urban
zzw-222@8gg-d8q-ndv,44,0.051585056,Urban
222-225@8gg-c9p-2rk,44,0.21590751,Urban
222-222@8gf-r5c-qj9,44,-0.2526375,Urban
zzy-222@8gf-btw-7yv,44,-0.046297498,Urban
225-222@63g-5kd-75z,44,0.10457071,Urban
zzw-223@8gg-b7s-9zz,45,-0.100346334,Rural
222-223@8gg-3k2-9pv,45,0.37253487,Urban
222-224@63g-28h-ht9,53,-0.16917206,Urban
223-228@8gf-dst-gff,53,0.2587309,Urban
zzw-222@8gg-9tm-wzf,61,0.20659673,Urban
zzy-228@8gg-3jt-q2k,62,0.13218284,Urban
224-222@63g-5m8-gff,72,-0.21227956,Urban
228-222@8gf-fnx-mc5,72,0.048696797,Urban
zzy-222@63f-kms-p7q,72,0.16601472,Rural
222-222@8gg-9sn-cbk,72,0.052386798,Urban
224-222@8gg-d8p-rtv,72,0.056313097,Urban
zzy-223@8gf-rtr-r49,23,0.12008778,Urban
zzy-222@8gg-2yj-nwk,56,0.09757353,Urban
222-223@8gg-9t4-fcq,44,0.14717905,Urban
225-222@8gg-thg-qzz,44,0.056993805,Urban
223-222@63g-2jz-whq,44,0.17709996,Urban
222-222@8gf-pgp-99f,53,0.291442,Urban
zzw-222@8gf-qf7-5xq,61,0.29268658,Rural
zzy-225@8gg-bf6-vcq,62,0.0017237302,Urban
zzz-222@8gf-fnm-5cq,71,-0.08610956,Urban
zzw-222@8gg-3m9-9cq,72,0.12902114,Urban
zzy-222@63f-kkd-gp9,53,0.23630139,Urban
zzw-222@8gg-9t4-9fz,61,0.3326293,Urban
222-22p@8gf-fnh-5xq,62,0.22651744,Urban
zzw-222@647-3q9-xwk,72,-0.021271128,Urban
223-222@8gf-dsg-zxq,72,0.38004637,Urban
zzw-223@8gf-rf5-pn5,72,0.10670219,Urban
222-223@8g9-njx-j9z,44,0.026312308,Rural
zzy-222@8gg-bgs-dd9,44,-0.07165418,Urban
zzw-224@8gf-g5k-qxq,44,0.008823185,Urban
zzw-222@647-3mr-bx5,61,0.28566712,Urban
222-222@8gb-kg2-gtv,61,0.29907745,Rural
zzw-222@8gf-r54-zj9,61,0.23668979,Urban
zzw-222@63f-m3q-9zz,62,0.19415261,Urban
zzy-222@8gf-r59-m8v,71,0.070706345,Urban
222-222@8gf-dsq-f75,71,0.22769514,Urban
zzy-222@8gf-tjk-yn5,81,0.2923004,Urban
223-227@63f-kr6-8n5,44,-0.16761069,Urban
22m-222@8gf-dt6-6hq,44,0.38527378,Urban
222-22m@8gf-fnh-5xq,62,0.22487627,Urban
222-222@8gf-dfn-7t9,71,0.26079613,Urban
222-223@63f-ksj-7wk,72,-0.07900056,Urban
zzy-223@8gf-rw2-8gk,72,0.09345978,Urban
zzy-224@8gf-fn9-9vf,48,0.20795056,Urban
zzy-223@8gf-dpv-cyv,81,0.18063706,Urban
zzw-223@8gf-rxz-swk,44,-0.14132364,Urban
222-222@8gf-th2-2ff,44,0.16578569,Urban
225-223@8gg-9tq-6ff,51,-0.12163207,Urban
zzw-227@8gf-rxz-yy9,53,-0.009385817,Urban
223-222@63f-kst-kxq,53,0.07798952,Urban
224-222@63g-2cb-n3q,61,-0.11433607,Urban
zzw-223@8gf-dsg-xt9,62,0.22512132,Urban
zzy-222@8gf-rpc-mp9,71,-0.15266867,Rural
222-222@8gg-9ct-xkf,72,0.24961376,Rural
222-222@8gf-dsk-9pv,81,-0.12205284,Urban
222-222@647-3qc-pgk,92,0.2648013,Urban
222-222@647-5dn-hkf,44,-0.29900384,Urban
222-223@647-5hr-ty9,44,-0.07567315,Urban
223-224@63k-yny-cyv,44,0.19784561,Rural
zzy-222@8g9-n5b-89z,53,-0.036941044,Urban
222-222@8gf-dkw-djv,61,0.28701854,Urban
223-222@8gg-d7q-djv,61,0.19671994,Urban
zzy-222@8gf-djx-g49,71,0.13144669,Urban
222-222@63f-hqy-b8v,72,-0.014560967,Urban
zzy-226@8gg-th6-ks5,72,0.14072965,Urban
222-223@8gf-fw7-4sq,23,0.11239316,Urban
zzy-228@8gf-dq8-x3q,44,0.18644515,Urban
225-222@63g-5m8-qvf,56,-0.031427298,Urban
222-222@647-3gg-kvf,44,0.1305236,Urban
22n-227@8gf-dq9-vfz,44,-0.1626123,Urban
zzw-222@647-5hw-hqz,45,0.20384377,Urban
222-226@8gf-dq5-wff,53,-0.07425571,Urban
222-222@8gg-b2m-g49,53,0.49077845,Urban
222-223@8gg-9xb-jgk,61,0.21178803,Urban
226-224@8gf-fkm-nnq,62,0.17569,Urban
224-225@8gf-dn5-xbk,62,0.3297132,Urban
222-222@8gg-cbv-fvf,71,0.11036058,Urban
zzw-222@63g-2cg-tgk,72,0.2710739,Urban
222-222@8gg-3mp-g8v,23,0.24641603,Urban
zzy-222@8gf-dnm-h89,32,0.15943538,Urban
222-225@8g9-hyh-y9z,44,0.022420138,Urban
zzw-226@8gb-ns3-3bk,44,-0.3708664,Urban
228-22f@647-526-bhq,44,0.0032356218,Urban
zzw-222@63g-5hf-789,44,0.10715282,Urban
222-222@8gg-cts-ysq,44,-0.068051696,Urban
222-222@63f-kkm-pqf,45,-0.09038366,Urban
zzy-222@647-5hx-hdv,51,0.0028041927,Urban
zzy-222@8g9-hqx-gc5,53,-0.14011484,Urban
223-222@8gf-dpz-8jv,61,0.22922906,Urban
222-223@8gg-3m9-8n5,72,0.19755544,Urban
224-222@8gg-9xp-7bk,72,0.06023439,Urban
222-222@8gg-d7d-7bk,72,0.043312497,Urban
222-222@647-5dc-hdv,72,0.25821838,Urban
zzw-222@8gf-tg9-fzz,81,0.33233827,Rural
zzw-222@647-3qd-whq,81,0.20824659,Urban
225-222@8gf-bmk-s89,54,0.16726382,Urban
222-222@8gf-fwb-8gk,51,-0.09055247,Urban
zzy-222@8gg-3gw-dy9,52,0.028403983,Urban
zzy-223@63f-kjs-qfz,53,-0.23207761,Urban
222-224@63f-kfn-7bk,53,-0.083377965,Urban
zzw-222@63g-2ct-tgk,71,0.33304527,Urban
223-224@63f-kfn-gx5,72,-0.41985556,Urban
zzy-223@8gg-tk8-ht9,44,-0.25822386,Urban
zzy-224@8gf-dsy-zfz,44,0.26834598,Urban
222-222@8g9-h9w-6hq,44,0.17074183,Rural
227-227@8gf-dsc-7t9,53,-0.114797235,Urban
zzw-223@8gf-px4-8gk,53,0.111622,Urban
223-224@63f-ktt-2p9,53,0.14289708,Urban
zzw-222@63g-4nk-4gk,53,-0.08403381,Rural
222-222@8gg-9bd-2kz,61,0.25189343,Rural
zzw-222@647-5js-9fz,61,0.28505796,Urban
222-222@8gg-d73-4qf,61,0.43891823,Urban
227-222@8gf-dn5-jvz,62,0.11665846,Urban
222-222@8gg-d7g-2c5,71,0.0119407615,Urban
222-222@8gg-cvc-mhq,72,-0.22107045,Urban
222-222@8gg-9tq-j35,72,0.11783111,Urban
222-224@8gg-254-whq,72,-0.12661874,Urban
zzy-222@8gf-dn7-cnq,61,-0.020649288,Urban
225-222@8gf-dtz-9xq,44,0.20122656,Urban
226-222@8gg-254-5vf,45,-0.19069047,Urban
222-222@63g-5m8-ckf,45,-0.06889689,Urban
zzy-222@8gf-rnr-z4v,52,0.14129059,Urban
222-222@8gf-rnq-6zf,53,-0.2592881,Urban
zzy-222@8gg-3jh-ffz,53,-0.122515865,Urban
223-222@8gf-rvy-3qz,61,0.23260517,Rural
223-222@63g-2cf-ysq,62,0.21455526,Urban
22b-225@63f-kfn-jqf,72,-0.34719294,Urban
zzw-222@63g-5kg-b8v,72,0.10749881,Urban
222-222@8gg-254-t5f,44,-0.07273957,Urban
zzw-222@63g-2dv-yvz,44,-0.052949384,Urban
223-225@8gg-254-mff,44,-0.060426578,Urban
224-222@63g-2d3-btv,44,-0.017547,Urban
222-223@8gg-34z-m6k,61,0.1411319,Urban
zzw-222@8gg-2yj-sh5,61,0.2541036,Urban
229-225@8gf-dq6-49z,62,0.13752143,Urban
zzy-222@63g-2b3-35z,62,0.10960504,Rural
zzw-224@8gf-r5g-q2k,71,-0.11244174,Urban
223-222@63f-kjy-hqz,72,-0.01511891,Urban
zzw-222@63f-km4-5zz,81,0.1440999,Urban
zzw-223@8gf-dqr-gc5,44,-0.10941667,Urban
zzw-223@8gf-dt8-syv,44,0.34006602,Urban
zzw-222@8gg-tcz-dvz,44,-0.050999474,Urban
zzy-222@63f-kkx-4vz,45,0.27723825,Urban
228-222@8gg-d79-3yv,53,-0.16226391,Urban
zzy-227@8gf-dq5-jvz,53,0.11454497,Urban
222-222@8gg-3k8-6hq,61,0.39310423,Urban
225-222@8gg-tnx-9pv,62,-0.030368885,Rural
226-22c@8gf-dps-47q,71,0.15427533,Urban
zzy-222@63f-m3p-4sq,71,0.087059066,Urban
222-223@63f-km3-xdv,72,0.01199335,Urban
22v-222@8gf-ds9-nqz,72,-0.12720111,Urban
zzw-228@8gg-62g-9pv,72,0.17468372,Urban
23c-222@647-3qg-rtv,44,0.15206586,Urban
223-225@647-5js-tvz,44,0.123839855,Urban
223-223@63f-kv9-54v,44,0.18376353,Urban
zzy-223@8gf-fwb-gkz,72,0.04209633,Urban
zzy-223@63f-ktd-b8v,72,-0.0683616,Urban
225-222@8gg-ctq-f9f,44,0.15552999,Urban
222-222@8gf-dj3-x3q,44,-0.25316757,Urban
222-222@8gf-g6s-54v,44,0.16551717,Urban
zzw-223@8g9-hsf-djv,44,0.034125626,Urban
223-222@63g-2d5-rx5,44,0.21098416,Urban
zzw-225@8gf-dt6-6kz,44,0.14786692,Urban
223-223@8gg-9r3-87q,53,0.21107753,Urban
zzy-222@8gg-9h7-btv,62,0.024207592,Rural
222-224@8gf-r5g-yn5,72,-0.012741226,Urban
zzw-222@63g-54m-j35,72,0.019761266,Urban
222-222@647-5hm-s5z,72,0.010810574,Urban
222-222@8gg-d54-ghq,72,0.24080107,Urban
223-222@63f-kfc-s89,44,-0.032922823,Urban
223-222@8gf-drr-jy9,44,0.15373643,Urban
222-226@8gg-3mm-3nq,44,0.02030926,Urban
224-222@8gg-b5d-jn5,53,0.40170854,Rural
zzw-222@8gf-dpv-8d9,53,-0.16371252,Urban
223-223@647-5gs-h5z,53,-0.23774144,Urban
zzz-222@63f-m27-vvf,71,0.3798711,Urban
zzz-222@8gf-dpq-jqf,71,0.014723987,Urban
222-222@8gf-dsz-wc5,72,-0.049534816,Urban
222-223@63f-kpd-j35,72,0.37865984,Urban
222-222@63f-kss-psq,72,0.008893772,Urban
zzy-223@63f-kkd-kxq,81,-0.057042774,Urban
zzy-223@8gg-3gs-92k,56,0.1879473,Urban
225-222@8gg-3hb-7nq,44,0.18405232,Urban
zzy-222@8gf-qyr-z75,44,0.09344064,Rural
222-224@8gg-9r4-xt9,44,-0.2365264,Urban
226-223@8gg-3jq-jy9,45,-0.023938641,Urban
223-225@63f-kv3-snq,53,0.06725899,Urban
zzy-222@8gg-3jc-z75,53,0.029499661,Urban
zzy-222@63f-kjy-jy9,53,-0.038793225,Urban
zzw-222@63f-m3f-dn5,61,0.23804718,Urban
222-222@647-5bs-3yv,71,-0.2765267,Urban
222-222@63f-km6-r49,71,0.16786946,Urban
222-222@8gf-qfp-6hq,72,0.19783337,Urban
222-222@8gf-rnb-fcq,44,-0.06561479,Urban
222-223@8gf-dpr-3dv,44,-0.29287034,Urban
zzy-223@8gg-thg-qzz,44,0.28055525,Urban
zzw-222@63f-vc8-ty9,44,-0.06164613,Rural
229-222@8gf-fkq-vmk,44,0.28737208,Urban
zzw-222@8g9-nfj-cdv,44,0.097974725,Urban
223-222@8gg-d7p-99f,53,0.13322252,Urban
229-224@8gf-dt2-5cq,53,0.050132945,Urban
223-223@63g-2bx-3bk,53,-0.09716427,Urban
222-223@8gf-px2-575,61,0.1242372,Urban
zzz-222@8g9-hqx-vj9,71,0.21440747,Urban
223-222@8gf-r6z-cqz,71,0.091344774,Urban
222-222@8gf-r69-6c5,72,-0.043988373,Urban
222-222@8gf-rfs-975,72,0.2020528,Urban
222-222@63g-5t2-4d9,81,0.2291564,Urban
zzw-224@8gg-9t5-575,44,0.14000118,Urban
222-225@8gf-dt6-y35,44,0.3680797,Urban
222-222@63g-483-tgk,44,0.08814979,Urban
222-222@8gg-9gg-7dv,44,0.2441677,Rural
222-224@63f-kvp-pqf,45,0.062431697,Urban
zzw-223@63f-vcj-vcq,45,-0.03605446,Urban
222-223@8gf-r5c-qj9,51,-0.25080878,Urban
223-222@647-5fy-zmk,53,0.031659305,Urban
22g-222@8gf-dq6-49z,62,0.11572101,Urban
222-223@8gf-tg9-jsq,72,0.23119026,Urban
225-222@647-3nf-p5f,72,0.04635358,Urban
226-222@8gf-fkj-b6k,44,0.15402158,Urban
zzw-222@63f-kvz-5cq,53,0.1077672,Urban
224-223@8gg-9tq-54v,53,0.03105254,Urban
zzw-222@647-5g8-nqz,61,0.2462061,Urban
22r-222@8gf-dpd-7nq,62,0.19104515,Urban
223-222@647-3q9-fj9,71,0.031656522,Urban
222-223@8gb-ns2-y5f,71,-0.016241528,Urban
zzy-224@8gf-dsw-rc5,71,0.13247046,Urban
222-222@63f-hqz-4vz,44,0.20046717,Urban
222-225@8gg-dhb-gtv,53,-0.097628355,Urban
zzy-224@8gg-3jq-d5f,53,-0.16043589,Urban
zzz-222@63g-2vt-sh5,71,0.030334126,Rural
223-222@647-3q2-9vf,72,0.19435252,Urban
zzw-223@63f-kvy-x89,72,-0.18319398,Urban
223-222@8gg-c9m-d35,81,0.17241071,Urban
227-222@8gf-g3y-bx5,81,0.050827358,Urban
223-223@8gf-rxk-n3q,44,0.013534496,Urban
222-222@647-3nm-j7q,44,0.052593946,Urban
224-223@8gg-9r3-c5z,44,0.17760363,Urban
zzw-223@8gf-dt7-sh5,61,0.25037956,Urban
zzw-222@8gf-bk5-vzz,61,0.2928947,Urban
222-223@8gf-r7p-pd9,62,0.2702042,Urban
zzy-223@8gg-3fj-kj9,81,0.27393833,Urban
zzy-224@8gf-fpj-dqf,81,0.1738371,Rural
224-222@8gf-fw7-5s5,42,0.1363654,Urban
223-222@8gg-bw6-k2k,44,0.14323893,Rural
222-223@8gb-ns2-tqf,44,-0.024425311,Rural
223-223@63f-ktb-5vf,44,0.3030677,Urban
222-223@63g-2cr-gkz,44,0.14461847,Urban
zzy-222@8gf-rtw-9zz,52,0.025784926,Urban
222-229@8gg-3jd-2p9,56,-0.2854712,Urban
zzw-223@647-3gk-hqz,62,0.29565954,Urban
222-222@647-3mv-b49,72,-0.22970514,Urban
223-222@8gf-rnz-249,72,-0.1082795,Urban
57f-222@8gg-3jt-fvf,72,-0.08271665,Urban
223-222@8gg-bh3-st9,44,-0.07388325,Urban
223-222@63g-2bv-k2k,44,-0.010126981,Urban
zzw-222@63g-2cb-kmk,44,0.14104393,Urban
223-222@8gg-8yq-nyv,44,-0.14242116,Rural
22g-222@647-5hw-y9z,44,0.058353264,Urban
zzw-229@8gf-rxz-qmk,53,0.020279508,Urban
222-222@8gf-mhs-gzf,61,0.3226208,Rural
222-222@63f-ksr-hnq,61,0.1696368,Urban
222-222@63f-kv8-w49,61,0.34263137,Urban
222-224@8gg-62g-fmk,62,0.24833746,Urban
222-222@647-3nf-s89,62,-0.30561656,Urban
zzz-222@8gf-dds-rzf,71,0.18480636,Urban
zzw-222@8gb-m75-nt9,71,0.068874754,Rural
22r-224@8gf-fnk-wc5,71,-0.3009426,Urban
223-223@8gf-dq5-435,81,0.039887805,Urban
zzy-223@8gf-tg5-r8v,44,-0.0073783253,Rural
222-223@8gg-c74-5zz,44,-0.06336941,Rural
222-222@8gf-dqf-p9z,44,0.10585749,Urban
224-222@8gg-9tr-5zz,44,0.05196829,Urban
zzw-222@8gf-drr-jvz,44,0.107060246,Urban
zzw-222@8gg-95j-59f,45,0.060771026,Urban
zzw-222@8gg-s5m-75z,53,-0.05568132,Urban
226-222@8gf-fkf-ysq,53,-0.10811054,Urban
zzw-222@8gg-cvc-jqf,53,-0.14613827,Urban
zzy-223@63f-ktn-6tv,55,0.12630197,Urban
222-222@8gf-bwf-z4v,61,0.29193392,Urban
222-222@8gg-9fh-389,61,0.11406427,Rural
224-222@8gf-px9-8n5,72,0.16525912,Urban
zzy-222@8g9-njv-z4v,72,0.24771571,Rural
222-223@8gg-bz9-xyv,44,-0.15158145,Urban
zzy-222@8gg-ryn-6x5,44,-0.08146429,Rural
222-226@8gf-fwb-hh5,44,0.24734512,Urban
zzw-222@8gg-d7n-9pv,53,0.062755436,Urban
zzw-222@8gf-dry-5vf,53,-0.08400997,Urban
222-222@8gg-csy-k75,61,0.35668617,Urban
zzy-222@63f-hxh-33q,71,0.13106507,Rural
222-222@8gf-r5g-x5z,44,0.041950125,Urban
zzw-222@8gf-rk4-7kf,44,-0.3414394,Urban
222-222@8gg-c9d-jqf,44,0.27758542,Urban
zzy-223@8gg-3gv-jd9,52,0.06515431,Rural
222-226@63f-kv6-9pv,53,-0.19875048,Urban
zzw-222@63g-2gm-2zf,61,0.3141922,Urban
222-223@63f-m3p-fxq,62,-0.036947273,Urban
zzw-222@8gf-fhy-qxq,62,0.090726905,Urban
22h-224@8gf-dsq-85f,72,-0.10511205,Urban
zzy-225@8g9-n9g-qvf,81,0.2805108,Rural
222-222@8gf-g6j-kfz,22,0.10142431,Urban
zzy-222@8gf-pgt-gtv,44,0.27773556,Urban
222-222@8g9-hsj-7qz,44,0.0727708,Rural
zzw-222@647-5g3-k2k,44,0.27879953,Urban
zzw-222@647-526-qs5,44,-0.07256289,Urban
zzw-222@8gf-g5z-2zf,53,-0.11337141,Urban
226-224@8gf-dnh-2x5,81,-0.11388552,Urban
222-222@8gf-fkg-2rk,44,-0.29977882,Urban
zzw-223@63g-5m9-d7q,44,-0.1917956,Urban
223-222@8gg-tkf-jqf,44,-0.051269554,Urban
zzw-222@8gg-9t5-575,44,0.39155987,Urban
224-224@8gf-dsx-yd9,44,0.1239574,Urban
222-227@8gf-mkp-5mk,45,-0.17324038,Rural
22k-223@8gg-3k2-hh5,53,-0.09349404,Urban
222-222@8gf-ddx-d9z,53,-0.20859268,Urban
zzw-222@8gf-dsq-f4v,61,0.008625305,Urban
222-222@8gg-d7n-f9f,62,-0.3273753,Urban
zzw-222@8gg-3mp-cwk,71,0.15748148,Urban
222-223@8gg-d7f-zvf,72,0.20365624,Urban
283-222@63f-m6x-z4v,23,0.13503523,Urban
223-224@63f-m32-92k,45,0.057417225,Urban
3383-222@63f-kkx-87q,51,0.08680939,Urban
zzy-223@63f-kky-ysq,52,0.038434528,Urban
zzw-222@63f-vcj-vcq,53,0.041672874,Urban
223-222@8gf-dpx-49z,53,-0.08260146,Urban
zzw-222@8gf-rn9-f4v,61,0.3403068,Urban
222-222@8gf-dqb-5zz,71,-0.11614911,Urban
222-222@647-5g4-5zz,72,0.3373037,Urban
22c-224@8gf-dt2-xwk,62,0.13234848,Urban
22c-222@647-3nv-h89,81,0.011077556,Urban
224-222@647-5hm-q75,44,0.28088728,Urban
222-222@647-3gg-kj9,44,0.027423866,Urban
225-222@8gg-9bs-gff,44,-0.1807626,Rural
222-222@647-5c7-d5f,44,0.027592395,Urban
zzy-222@8gg-d7h-qvf,71,-0.024891876,Urban
222-222@8gg-9tq-kmk,72,-0.007981987,Urban
zzw-222@8g9-np7-d5f,72,0.044131957,Urban
22k-223@63g-2c7-kpv,81,0.14975907,Urban
22q-222@8gg-ctq-f2k,44,-0.061449952,Urban
zzw-222@8gf-dnb-cyv,44,-0.1945428,Urban
zzy-223@8gf-fqw-p35,45,-0.12792909,Rural
zzw-224@8gf-fnb-kfz,53,-0.12261164,Urban
224-222@63f-kkv-vvf,62,0.18981455,Urban
zzz-222@63g-5tn-h3q,71,0.39361927,Urban
zzw-222@8gf-d7z-k9f,71,0.18673053,Urban
zzw-222@8gf-drv-vj9,72,0.07991708,Urban
222-224@8gf-dj3-p5f,44,0.09210702,Urban
222-223@8gg-2z5-tgk,44,-0.039441925,Urban
224-222@8g9-nfj-djv,44,0.22564898,Urban
222-222@8gf-r7v-gtv,45,0.11151699,Urban
222-222@8gf-r5v-yn5,61,-0.06465516,Urban
zzz-222@647-5hj-3dv,71,0.06299988,Rural
222-222@8gg-cv2-sdv,71,0.12378304,Rural
222-222@63g-2cz-k9f,72,0.25092283,Urban
zzy-223@8gg-rpc-q75,44,0.1002931,Rural
225-222@8gf-dj2-6rk,44,-0.07674834,Urban
222-223@63g-2jr-pd9,44,0.17569578,Urban
222-223@8gg-tk8-grk,44,-0.22915821,Urban
229-224@647-3n6-mff,44,-0.30487424,Urban
229-222@63g-2cv-gff,53,-0.07701029,Urban
zzy-222@647-5hw-tqf,53,-0.15244307,Urban
zzy-222@63f-m3h-cyv,62,0.20541207,Urban
zzw-222@8gg-d54-gc5,44,0.30085576,Urban
222-228@63f-kv7-52k,44,0.08090795,Urban
223-222@8gf-hrx-6ff,44,0.13061872,Rural
222-222@63f-kjp-w49,44,0.025019819,Urban
224-222@63f-ksq-mp9,44,0.12697329,Urban
222-222@8gg-3kb-fzz,45,0.16353428,Urban
22j-222@63g-2cc-vvf,52,0.11269806,Urban
zzw-222@647-3n6-mp9,53,0.07313094,Urban
zzw-222@8gf-dpr-3kf,53,-0.19200195,Urban
zzy-222@8gf-drf-p5f,71,0.460128,Urban
222-222@8gg-3fv-c89,72,-0.018667698,Urban
zzy-222@8gf-rxy-n5z,81,0.11862054,Urban
226-222@8gf-drj-jsq,44,0.2570672,Urban
zzw-222@8gg-cvc-6kz,44,-0.29699096,Urban
223-222@8gf-drm-f75,44,0.22664092,Urban
zzw-222@8gg-9r6-j7q,44,0.23719192,Urban
222-226@63g-29z-xh5,44,0.11375014,Rural
222-222@8gg-cvb-sh5,44,-0.023756888,Rural
zzw-22j@63f-kvr-cbk,44,-0.03586291,Urban
222-222@63g-5tq-yy9,51,-0.022403937,Urban
226-222@8gf-dpf-sbk,53,0.07074237,Urban
225-222@8gf-bmf-4qf,53,0.37525654,Urban
zzw-222@8gf-dnh-6tv,62,0.1977364,Urban
226-222@8gf-r79-kmk,72,0.21158133,Urban
222-222@8gf-px2-5pv,72,-0.05847155,Urban
222-228@8gf-dsq-btv,56,0.08623483,Urban
223-225@647-5gs-h5z,44,-0.20850646,Urban
222-222@8gf-r67-pn5,45,-0.25167444,Urban
222-223@8gf-dt2-3nq,53,-0.2219747,Urban
222-222@647-3ns-cdv,61,0.19670077,Urban
223-226@8gf-dnh-6tv,62,0.22175615,Urban
zzw-224@63g-54m-w49,71,0.19546428,Urban
229-222@8gf-dsz-xbk,72,-0.100690424,Urban
223-222@63f-kkh-gtv,61,0.20515032,Urban
zzy-222@647-3ns-26k,81,0.0153944995,Urban
zzy-222@8gf-dss-r8v,54,0.17560297,Urban
223-222@8gf-ttc-fj9,44,0.045468982,Rural
zzw-222@8gf-tg9-hwk,44,0.14675334,Rural
zzy-222@8gg-3dx-8d9,44,0.13024844,Urban
223-222@8g9-hps-5cq,44,0.06531508,Urban
zzw-224@8gg-9cv-mtv,53,-0.027005643,Rural
222-222@8gf-hq8-7wk,61,0.24529813,Rural
225-222@63g-5jg-26k,61,0.2001988,Urban
zzw-225@8gg-d68-5vf,62,-0.0057591237,Urban
222-222@8gg-3f5-x89,62,0.26887527,Urban
zzy-222@8gg-3g7-dgk,62,0.24237719,Urban
zzw-223@8gg-d6j-bp9,62,0.33929577,Urban
zzy-222@647-3qn-c5z,71,0.21554317,Urban
zzw-222@8gg-62j-2zf,71,0.020975575,Urban
222-222@8gf-fnb-p9z,72,0.054726314,Urban
222-222@647-3gk-k9f,72,-0.18317764,Urban
zzw-222@8gf-rny-wc5,53,-0.18539567,Urban
zzw-225@8gg-95j-2ff,53,-0.016980033,Urban
zzw-222@8g9-njn-x5z,61,-0.139189,Rural
zzy-223@8gf-dnb-qpv,81,0.19516481,Urban
zzy-222@647-3gm-85f,44,0.37342772,Urban
zzw-222@8gf-hkf-85f,44,0.11931085,Rural
222-226@8g9-hqn-fs5,44,-0.08790561,Urban
zzy-223@8gf-rnc-7bk,45,-0.046157792,Urban
zzy-223@8gf-fhh-3nq,51,0.14315067,Rural
223-222@8gf-dpd-99f,53,-0.060508475,Urban
zzw-222@8gf-fx9-dn5,61,0.27703595,Urban
222-222@8gg-9x2-6tv,61,0.1627343,Urban
zzw-222@8g9-n8s-bc5,71,-0.01543803,Rural
zzy-222@8gf-mkh-y35,72,-0.0067420728,Rural
zzy-222@63f-vf5-p5f,81,0.01978044,Urban
zzw-225@8gg-9t5-575,44,0.23965763,Urban
222-223@63f-kvg-n3q,44,0.08665242,Urban
zzw-222@63f-kvg-8sq,44,-0.020948786,Urban
222-224@8gg-3h7-8jv,51,-0.15509288,Urban
222-222@63g-482-9mk,61,0.19686767,Urban
222-222@647-3q5-5zz,72,0.06463106,Urban
222-222@8gg-9t7-f9f,44,0.2227779,Urban
222-226@63f-m3j-9s5,44,0.22348829,Urban
223-222@63g-2c9-649,44,-0.18877706,Urban
224-222@8g9-hyq-jqf,44,0.11050307,Urban
222-222@8gf-mhf-j5f,61,0.26517072,Rural
zzw-222@63f-ksz-mc5,61,0.14087597,Urban
zzy-222@8gg-tfg-usq,71,-0.036124654,Urban
zzw-222@8gg-3jm-rhq,72,0.21700509,Urban
225-222@8gg-d7n-n5z,72,-0.07683803,Urban
222-222@8gf-px3-7h5,92,0.16357487,Urban
zzy-226@8gf-drj-d35,48,0.29073924,Urban
222-222@63g-2h5-g8v,44,-0.09532684,Urban
zzw-223@8gg-9qz-5j9,44,-0.029727386,Urban
zzw-222@63g-54p-89z,44,0.037176963,Urban
222-222@8gg-d68-n89,44,0.22752613,Urban
zzw-222@8gf-pz9-6zf,44,0.33758995,Urban
zzw-222@8gf-hpk-6ff,62,-0.13633376,Urban
zzw-222@63g-5jk-t7q,62,0.18989019,Urban
zzy-223@8gf-rx4-4jv,71,0.023175701,Urban
222-222@8gf-drr-fzz,72,-0.034792077,Urban
zzw-223@8gf-rnq-2p9,72,-0.047980398,Urban
222-222@8gf-dqd-wzf,72,-0.17838937,Urban
zzy-222@8gg-3f5-7wk,81,0.19656986,Urban
22d-222@8gg-3g9-vs5,44,0.3652425,Urban
222-224@8gf-dt8-jsq,44,-0.21383685,Urban
223-222@8gb-ns2-zxq,44,0.017117674,Urban
222-223@8gf-rtv-jd9,44,-0.11781043,Urban
224-222@63f-m2y-t9z,45,0.22852306,Urban
zzw-222@647-3pf-99f,53,0.13833818,Urban
zzw-222@647-526-y9z,53,-0.047779385,Urban
zzw-222@8gf-fvv-mzf,61,0.2001398,Rural
223-222@63g-5jc-ch5,71,-0.07937031,Urban
zzz-222@8gf-qfq-7kf,71,0.43685287,Urban
222-222@8gg-3kc-wx5,71,0.054617237,Urban
zzy-222@63f-kn5-wkz,81,0.1323681,Urban
zzw-222@8g9-kh4-3h5,44,0.014246037,Rural
zzw-223@647-5hw-xwk,44,0.13344638,Urban
222-224@8gf-hqt-5cq,44,-0.06604703,Rural
223-222@8gf-bmh-92k,44,0.34780458,Urban
zzy-222@8gg-rrc-n89,44,-0.007664052,Urban
222-222@647-3gk-hwk,44,0.056632847,Urban
222-222@647-3qb-5j9,71,0.07292183,Urban
22r-223@63f-ksz-jsq,72,-0.019382881,Urban
226-222@63g-5td-skf,72,0.1487666,Urban
zzw-226@8g9-nnq-649,81,-0.15623298,Rural
zzy-223@8gf-fx9-p5f,23,0.3554925,Urban
222-223@63g-2bv-4qf,56,-0.020133885,Urban
zzw-222@8gf-dq5-k4v,44,-0.18258452,Urban
226-222@8gg-9tq-6ff,44,-0.04215587,Urban
zzw-222@8gf-dpx-f9f,53,-0.19278784,Urban
zzw-222@8gf-bkp-3bk,61,0.19144195,Rural
zzy-222@63f-kjw-vxq,71,0.34818545,Urban
zzz-222@8gf-dv7-kfz,71,0.1020418,Urban
zzw-222@8gg-wgs-5zz,71,-0.19945094,Rural
223-222@647-5dw-tgk,72,0.10249269,Urban
zzw-222@8gf-r59-x5z,72,-0.14882374,Urban
zzw-222@8gg-8yq-g8v,45,0.16321133,Rural
zzy-223@8gg-9tq-6x5,45,0.009651784,Urban
zzw-222@63g-5kg-fxq,53,0.041761186,Urban
zzy-223@8gg-d68-qxq,53,-0.0075607663,Urban
223-224@647-36q-8n5,54,0.012101578,Urban
222-222@8gf-fnp-wtv,61,0.34531236,Urban
222-222@647-3pr-vs5,61,0.19424662,Urban
224-224@8gf-r5g-389,72,0.040757127,Urban
222-222@8gf-fkg-rc5,72,-0.33069292,Urban
zzw-222@8gg-974-2rk,72,0.02124186,Urban
223-222@8gg-9tq-nbk,72,0.16167337,Urban
zzy-222@63f-kjk-wff,44,-0.0941489,Urban
zzw-222@8gf-cpv-mzf,44,0.059527878,Rural
zzy-223@8gg-8wb-rkz,44,0.106387906,Rural
222-223@8gg-3hz-jd9,44,0.38685998,Urban
222-224@8gg-2yj-nt9,44,-0.020996302,Urban
224-222@8gf-dt2-3nq,45,-0.028657913,Urban
225-222@8gg-d6v-ju5,53,-0.16967738,Urban
223-222@63g-2h7-2hq,53,0.14346929,Urban
22b-224@63f-kkh-6tv,53,0.18864979,Urban
zzw-228@8gf-bwj-t9z,62,0.13319439,Urban
222-222@8gf-r5g-qzz,71,0.06303114,Urban
zzw-222@8gg-23h-j35,71,0.10565069,Urban
222-222@8gf-rsc-vcq,72,-0.02490287,Urban
222-222@63g-5kd-w6k,72,0.2959752,Urban
zzw-222@8gf-pz9-cyv,72,0.06393651,Urban
226-223@63g-2bt-fcq,44,0.02226836,Urban
222-223@8gf-bkq-66k,44,0.2680755,Urban
222-222@63f-vf2-9mk,44,0.07508963,Urban
224-222@8gg-d66-zj9,44,0.143448,Urban
225-223@8gg-3jt-q4v,62,0.19485067,Urban
zzw-222@63f-ksv-d5f,62,0.18060121,Urban
zzz-222@63f-m3n-2rk,71,0.3847812,Urban
zzw-222@8gg-rq7-mx5,71,-0.18382776,Urban
223-222@63f-kkb-7wk,72,-0.116054945,Urban
zzw-222@8gf-dq9-vcq,72,-0.076833256,Urban
zzw-222@8gf-dt6-649,44,0.37574345,Urban
222-223@647-5hv-qcq,44,-0.2975971,Urban
223-222@8gb-ns3-28v,44,7.3779716e-05,Urban
zzw-223@8gg-d54-gc5,44,0.13129468,Urban
22k-222@647-36q-8d9,53,0.018431982,Urban
222-222@8gf-cpv-q9f,61,0.27405906,Rural
zzw-222@63f-m3p-5xq,61,0.25897345,Urban
224-224@8gf-dps-49z,62,0.00014802182,Urban
222-223@63f-ksr-k75,71,0.17294481,Urban
222-222@8gf-fpj-c89,72,-0.20128825,Rural
222-222@8gf-dfh-n89,72,-0.30298582,Urban
222-222@647-3q9-xnq,72,0.07253784,Urban
223-222@8gf-rxz-rff,72,0.35856208,Urban
zzw-222@8gf-fj6-h3q,44,0.14075308,Urban
zzw-222@8gf-r7r-649,44,0.14750552,Urban
zzw-222@8gf-fw7-6ff,45,0.038610354,Urban
zzy-224@8gg-bh2-nqz,53,-0.12210447,Urban
zzw-223@8gf-pgj-zj9,61,0.13356633,Urban
222-222@8gf-dv6-v2k,61,0.09231624,Urban
zzw-222@8gg-8zt-kcq,61,0.17550078,Rural
zzy-223@8gf-r5g-389,71,0.2942402,Urban
zzz-222@63f-kkg-ffz,71,0.21480453,Urban
222-222@647-5hs-9pv,71,0.17776515,Urban
223-22b@8gf-dsz-w6k,72,0.01425034,Urban
zzw-222@8gf-bnf-py9,72,0.2618948,Rural
222-222@8gg-tjw-mrk,44,0.24741167,Urban
zzw-22h@63f-kvg-94v,45,-0.042799383,Urban
223-222@8gf-pxb-6ff,45,-0.024061225,Urban
zzw-222@63g-5k2-gtv,53,0.09174598,Urban
zzw-222@8gf-r7r-x89,61,0.21586655,Urban
23w-222@8gf-dng-tqf,62,0.1518021,Urban
222-222@647-5dt-n89,62,-0.10329457,Urban
zzw-222@647-5jg-zvf,62,0.21837306,Urban
223-222@8g9-nvc-6hq,71,0.14099883,Urban
zzy-222@8gf-ddx-rtv,71,0.08226251,Urban
222-222@8gb-ns2-ysq,72,-0.21827485,Urban
zzy-223@8gg-9s3-94v,72,-0.034628507,Rural
222-222@647-3pg-7t9,72,-0.09152395,Urban
zzy-222@8gg-dhb-zpv,44,0.15969335,Urban
zzw-223@8gg-d7k-t9z,44,0.20833601,Urban
225-222@8gg-3fj-hbk,44,-0.26904306,Urban
zzy-222@8gf-rxy-wff,44,0.11355085,Urban
226-222@63f-kvg-94v,44,0.043349173,Urban
222-223@8gf-fvv-zxq,45,-0.082564704,Urban
zzw-222@647-3qh-cqz,61,0.11320672,Urban
zzy-223@8gg-628-789,62,0.117156155,Urban
zzy-222@8gf-hkx-4vz,71,0.0813078,Rural
zzw-222@63f-kvw-975,71,-0.08917247,Urban
222-223@647-3q2-9zz,81,0.009943847,Urban
222-222@63f-kvg-99f,44,-0.11380601,Urban
zzy-222@647-527-yn5,44,0.04156811,Urban
222-226@8gf-dsx-649,44,-0.20494042,Urban
222-222@647-3n2-ks5,44,-0.22836435,Urban
zzy-222@8gg-2ys-gc5,44,0.11933199,Urban
223-222@8gf-qfn-26k,44,-0.08424918,Urban
222-222@63g-2hb-pgk,53,0.4071836,Urban
227-222@8gf-dv6-249,53,0.08220927,Urban
222-222@8gf-dnn-mc5,53,-0.18850099,Urban
zzy-222@8g9-kwq-kj9,71,0.0022963032,Rural
zzw-222@647-37p-td9,72,0.17813376,Urban
zzy-222@8g9-nnq-4y9,72,0.45886907,Rural
222-222@8gg-8yp-zfz,72,0.015300064,Rural
223-222@8gf-px3-85f,61,0.17767403,Urban
227-222@8gf-dpd-7qz,62,0.13609776,Urban
224-222@8gf-fkg-s5z,62,0.048826117,Urban
222-222@647-5g7-3nq,71,0.11885989,Urban
zzw-222@63f-m2p-z75,71,0.20441309,Urban
222-222@647-3mv-7nq,72,0.16163385,Urban
222-222@8gf-dsm-mkz,72,-0.0149829965,Urban
zzy-222@63f-kky-vs5,54,-0.014300448,Urban
zzw-224@8gf-dsj-p7q,44,0.1263172,Urban
222-223@8gf-mh3-xqz,44,0.15470187,Rural
222-222@8gg-3kw-ty9,44,0.12351759,Urban
222-224@8gg-9tq-k2k,44,0.064527266,Urban
zzy-222@8gf-rxs-zcq,52,-0.10009656,Urban
222-223@63g-5td-ty9,53,-0.23484875,Urban
227-223@8gg-9t4-c89,53,0.16440372,Urban
222-222@8gf-r6z-mc5,72,-0.05465822,Urban
223-222@647-5h8-vs5,72,0.16798016,Urban
222-226@8gf-rxt-8y9,81,-0.06706962,Urban
223-222@8gf-dsw-tn5,44,0.031102195,Urban
222-222@8gf-g5x-3dv,44,0.11428676,Urban
zzy-223@647-5fz-kcq,53,-0.029615605,Urban
zzw-223@8gg-bgs-ghq,61,0.29936102,Urban
225-222@8gf-frt-5cq,61,0.20173746,Rural
zzw-222@8gf-dst-ghq,71,0.1683632,Urban
zzy-222@8gf-drv-vzz,71,-0.041287657,Urban
224-222@8gf-dqr-hbk,72,-0.019895092,Urban
222-222@8gf-tx4-94v,81,0.26863158,Urban
zzy-222@63f-kjz-8jv,81,0.05530413,Urban
zzy-224@8g9-hs2-9s5,44,-0.07593361,Urban
223-222@8gf-rnb-hh5,44,0.13164897,Urban
222-222@8gf-fmf-t35,44,0.015730442,Urban
222-222@8gf-rxm-djv,44,0.12596072,Urban
zzw-222@63f-kv5-tgk,45,-0.18987171,Urban
223-22r@8gf-dnh-75z,62,0.21584058,Urban
zzz-222@8gf-dsq-7yv,71,0.089743994,Urban
222-222@8gg-cq6-6x5,71,-0.048765443,Urban
zzw-222@8gf-rf2-jd9,71,0.021389022,Urban
222-222@8gf-fnx-jd9,72,-0.117168255,Urban
222-223@8gf-fmz-n5z,72,0.02830335,Rural
zzy-222@8gf-t95-ht9,44,0.06955816,Urban
222-222@63g-2cz-vzz,44,-0.15241623,Urban
zzy-222@63f-kt5-rkz,48,0.2706284,Urban
222-228@8gf-fng-qcq,53,-0.250482,Urban
222-222@8gg-9xn-q2k,61,0.208076,Urban
222-222@647-3pf-xnq,61,0.24906035,Urban
zzy-222@647-52f-3qz,71,0.12841727,Urban
zzw-223@647-35z-c5z,72,-0.10968587,Urban
223-222@8gg-3f5-st9,53,0.033153918,Urban
zzy-223@8gg-rqh-kfz,53,0.031144531,Rural
228-222@8gf-dqn-n89,72,0.25570145,Urban
zzw-222@8gg-3jh-gzf,44,-0.27681518,Urban
zzw-223@8gf-dht-92k,44,0.052224196,Urban
222-222@8gf-rw7-6hq,44,0.11310551,Urban
226-222@8gf-r5g-4sq,44,0.13180882,Urban
222-222@63g-5k5-z4v,44,0.045413204,Urban
222-222@8gf-drv-7bk,44,0.0651716,Urban
222-225@8gg-3gw-9mk,54,0.29435578,Urban
223-222@8gb-kfc-mff,61,0.22034015,Rural
228-224@8gg-34m-v4v,62,0.056247827,Urban
zzw-222@63g-5jj-wkz,71,0.11740229,Urban
zzw-223@63g-5k5-nqz,71,0.22185865,Urban
zzy-224@8gf-dpv-cyv,72,0.0065019056,Urban
222-222@8gf-ds6-649,42,0.2696838,Urban
222-222@8gg-b8x-ygk,44,-0.099848114,Urban
222-222@8gg-rqh-hwk,44,-0.14755763,Urban
228-222@8gg-d66-hyv,44,0.069207124,Urban
zzw-222@8gg-9sk-vj9,44,0.24217421,Urban
224-222@8g9-np7-cbk,44,0.23590064,Rural
zzy-222@647-5jm-q2k,44,0.0767482,Urban
222-223@647-5js-hkf,45,-0.16890809,Urban
222-222@63f-kjk-kj9,53,-0.035843965,Urban
22p-222@8gf-dpd-7nq,62,0.20003165,Urban
zzy-222@8gf-dpm-qs5,71,0.22346133,Urban
23g-222@8gf-dt2-pqf,71,0.12787178,Urban
zzw-222@8gg-974-3h5,72,0.023577675,Urban
zzy-222@8gf-g44-bkz,81,0.23085734,Urban
zzy-222@8gf-fnw-pgk,56,0.08812011,Urban
223-223@8gg-3m9-8sq,81,-0.10006575,Urban
223-226@8gg-cts-gc5,44,0.32176873,Urban
223-222@647-36q-c89,44,0.07906857,Urban
222-222@63g-5tf-7nq,53,-0.14312388,Urban
zzw-222@8gf-hrg-yy9,53,0.016913218,Urban
zzw-222@647-5g7-3bk,71,0.048602857,Urban
zzz-222@8gg-3kn-vcq,71,0.028656337,Urban
zzy-222@8gf-drn-3kf,72,-0.028006358,Urban
zzw-222@8gg-9s3-brk,72,-0.06835408,Urban
zzy-222@8gg-784-5zz,23,0.021508275,Rural
zzy-222@8gg-b5m-2ff,44,-0.060297985,Rural
222-222@63f-hqy-b49,44,0.030340917,Urban
zzw-226@8gf-dsq-835,55,0.2623191,Urban
zzw-222@8gf-dn6-zzz,61,0.356607,Urban
zzw-223@63f-ksw-28v,61,0.11633152,Urban
224-224@8gg-3dh-grk,62,0.2770864,Urban
zzw-222@8gf-rgp-mc5,62,-0.13604446,Urban
zzz-222@8gf-dpx-k75,71,0.027449673,Urban
223-222@8gg-tjm-mrk,71,0.116360806,Urban
222-222@63g-5tm-xbk,72,-0.21310133,Urban
224-222@8gg-3gw-9cq,72,0.26236063,Urban
222-222@8gg-d7p-99f,72,-0.06523221,Urban
zzw-223@8gg-9sq-q2k,72,0.35932985,Urban
zzw-226@8gf-dt7-2hq,44,0.026535526,Urban
225-222@63f-m3m-t9z,44,0.13860007,Urban
222-225@63f-ktr-dgk,44,0.11744395,Urban
zzy-223@8gg-wr8-wkz,52,-0.0609198,Rural
22g-222@8gf-bm9-x89,52,-0.06058748,Urban
222-222@63f-km6-qzz,53,-0.038205203,Urban
22d-223@8gf-dpd-7qz,62,0.15221334,Urban
zzw-222@8gf-fkm-ndv,62,0.32426816,Urban
223-222@8g9-nb6-skf,62,0.09063006,Rural
zzw-222@63g-248-975,71,0.14718637,Rural
222-222@63g-5kf-k4v,72,-0.046494424,Urban
zzy-222@8gg-3gt-r8v,72,0.18887104,Urban
zzw-223@8gf-dpq-kvf,72,0.12863633,Urban
222-222@8gf-fv8-pvz,44,0.0398745,Urban
223-223@63f-kkc-wc5,53,-0.057994,Urban
zzw-223@8gf-g6s-5s5,53,0.052573882,Urban
224-222@8gf-rqn-qvf,61,0.3399896,Urban
222-222@8gf-dqd-4y9,61,0.31665555,Urban
222-222@8gf-ds6-nkf,61,-0.10605238,Urban
zzw-222@8gf-mht-5xq,61,0.2447576,Rural
222-222@63g-5m8-bff,72,-0.077520356,Urban
222-228@8gg-9sk-v75,81,0.004608956,Urban
zzw-222@8gf-g2z-py9,81,-0.041493453,Urban
223-222@8gf-qr4-rkz,44,-0.038582146,Rural
zzy-22c@63f-kvg-94v,44,0.1569007,Urban
zzw-222@647-3gk-ty9,44,0.1885277,Urban
zzw-222@8gf-r6b-k75,49,-0.12846126,Urban
223-225@8gb-khh-hnq,52,-0.050444532,Rural
zzw-223@8gg-2yj-nyv,53,-0.06972427,Urban
zzw-222@8gg-3fg-435,62,0.51373094,Urban
zzw-222@63f-kh8-zzz,62,0.17606883,Urban
zzw-223@8gg-3jt-4n5,71,0.083013475,Urban
zzy-223@8gg-3f5-2rk,71,0.057342514,Urban
222-222@8gg-95h-rtv,72,0.26754886,Urban
zzy-222@63g-2cf-9xq,81,0.10218161,Urban
222-222@8gg-3h8-ckf,44,-0.3179556,Urban
zzy-222@8gg-3m9-9fz,44,-0.04387117,Urban
zzw-223@63g-2gz-wrk,44,0.24094403,Urban
222-222@8gf-px9-cbk,44,-0.05500308,Urban
22d-222@8gf-fpj-cdv,44,0.09457635,Rural
zzy-222@63k-yfg-z2k,44,-0.031237125,Rural
zzy-222@8gg-644-hnq,48,0.33838862,Rural
226-222@8gg-c9m-9zz,53,0.011337425,Urban
zzw-222@647-5h2-zxq,53,-0.05100671,Urban
22d-222@8gg-3m9-8sq,54,0.24731138,Urban
222-223@8gf-swx-gx5,61,0.15254544,Rural
222-222@8gf-drj-s89,72,0.057677317,Urban
222-22b@63g-5m2-tqf,81,0.13769333,Urban
zzy-222@8gg-3dv-pn5,81,0.24348386,Urban
zzw-222@8gg-cvc-sqz,44,-0.23213533,Urban
22b-222@647-526-y9z,44,-0.37054393,Urban
zzy-222@63f-kjz-w6k,44,0.09542198,Urban
zzw-222@8gf-bmd-j35,44,0.114303745,Urban
222-222@8gg-tkb-7qz,44,0.28824574,Urban
zzw-222@63f-kt5-ndv,44,0.2606051,Urban
222-222@8gf-dnh-575,44,0.04188,Urban
226-223@8gg-tk8-j35,53,0.123246364,Urban
222-222@63f-hxm-n5z,53,-0.22052778,Urban
zzy-222@8gf-tnk-yn5,53,0.18842688,Rural
222-223@8gg-d8c-2tv,71,0.011999513,Urban
zzy-222@8gf-qy9-r8v,71,0.012316379,Rural
223-223@8gg-d8w-f75,71,0.18052019,Urban
zzy-22k@8gf-dps-tgk,72,0.16162112,Urban
224-222@8gf-pgt-ghq,72,0.4543914,Urban
224-222@8gg-9qw-jn5,72,-0.0873081,Urban
zzy-222@8gf-dss-v4v,81,-0.017114371,Urban
zzy-222@647-5bs-fcq,54,0.18077217,Urban
zzy-222@8gf-dsq-djv,44,0.20021993,Urban
zzw-224@647-5br-pjv,44,-0.16419753,Urban
zzw-222@8gf-dfj-sh5,49,0.18130204,Urban
zzy-222@8gf-dt8-hh5,53,0.057511613,Urban
zzw-224@8gg-c9n-wx5,53,-0.12777498,Urban
22t-223@647-5js-v75,53,-0.05050896,Urban
222-222@8gf-fsg-wkz,61,0.19030425,Rural
zzy-222@8gf-dt2-gzf,71,0.02784799,Urban
zzz-222@8gg-tk9-3yv,71,-0.24171625,Urban
zzw-226@8gf-fwx-qfz,53,0.018294392,Urban
zzw-222@63f-kw3-sdv,61,0.33449596,Urban
zzy-222@8gf-bw7-td9,61,0.15167132,Urban
zzy-223@63f-kv9-2ff,62,0.34690878,Urban
zzz-222@8gf-qfp-6zf,71,0.14444965,Urban
zzw-222@63f-kw4-6x5,71,0.018625736,Urban
222-222@8gg-9tq-k75,72,0.11741881,Urban
zzy-222@8gf-rgn-xqz,44,0.14260824,Urban
225-225@8gg-9fj-6ff,44,0.006415136,Rural
222-222@63g-5kg-cbk,44,-0.041716836,Urban
223-224@63g-2dz-sh5,44,0.04772987,Urban
222-224@8gg-2z7-ffz,53,-0.13092507,Urban
222-222@8gf-fwp-t5f,53,-0.10365629,Urban
222-222@8gg-95j-4vz,53,0.0057451217,Urban
222-222@8gf-fvy-py9,62,0.20371392,Urban
223-223@8gg-9sr-bkz,62,0.30195537,Urban
222-222@63g-2d7-kzz,72,-0.17459315,Urban
zzy-223@63g-2hr-tsq,72,-0.054791164,Urban
zzy-222@8gg-9h7-52k,44,-0.1258288,Rural
222-222@8gf-dt6-y35,44,0.3731664,Urban
222-226@8gf-dsk-975,44,0.20996507,Urban
222-222@8gf-rns-5xq,44,0.1442361,Urban
222-222@63f-kst-qzz,44,0.23497039,Urban
222-222@8gf-drr-hqz,44,0.10993184,Urban
zzw-22b@8gg-3jh-7h5,53,-0.057172645,Urban
zzw-222@63f-m2q-cwk,61,0.29108837,Urban
222-222@8gf-g5s-nwk,61,0.09979108,Urban
22d-223@8gg-3gv-k9f,62,0.13242601,Urban
222-224@63g-54k-rff,71,-0.05785986,Urban
zzw-225@8gf-dnh-2hq,44,0.03914651,Urban
zzw-222@8gg-3h8-dy9,44,-0.088829145,Urban
228-223@8gg-cts-w6k,53,0.39074796,Urban
223-223@63f-m3j-6x5,53,-0.17388949,Urban
zzw-222@63g-5tn-qxq,61,0.15959753,Urban
zzw-222@8gg-d8y-rp9,71,0.3196874,Urban
222-222@63f-m32-wkz,71,0.045859773,Urban
222-222@8gf-hpk-gkz,44,-0.25630394,Urban
222-223@8gf-rnt-hnq,44,0.18016717,Urban
222-222@8gf-drq-w49,44,0.16968052,Urban
222-223@8gf-dss-wkz,44,0.14086469,Urban
222-223@647-3gj-m49,44,0.1387777,Urban
222-222@8gf-g42-d7q,44,0.24479641,Urban
zzw-222@63f-m3h-yn5,44,-0.038090076,Urban
zzy-222@647-5hy-6rk,44,0.10210197,Urban
223-222@63g-4p8-w6k,53,0.1193051,Rural
223-222@63f-kjp-b49,53,0.08311959,Urban
229-223@8gg-9c4-fj9,53,-0.08072196,Rural
zzw-223@8gg-d6v-dy9,53,-0.13724352,Urban
zzy-222@8gf-twr-pd9,61,0.20674613,Rural
zzw-222@8gf-fjr-4n5,61,0.16710962,Urban
zzz-222@63g-2cf-btv,71,0.11865472,Urban
222-222@8gg-c9n-9fz,72,-0.23798542,Urban
zzy-222@647-3mv-ghq,72,-0.09732013,Urban
zzy-224@63f-m3f-f4v,81,0.3515185,Urban
zzw-222@8gf-r72-b49,61,0.24077877,Urban
222-222@8gg-cts-rc5,62,0.1444915,Urban
zzw-222@8gf-dqf-d9z,71,0.103775896,Urban
222-222@8gf-tg4-pvz,72,0.2507164,Urban
222-222@8gg-whx-g8v,81,0.17394465,Rural
222-222@63f-ksj-7wk,44,-0.32720247,Urban
222-223@8gf-rkc-bhq,44,-0.17911792,Urban
228-222@63f-m3f-b6k,54,-0.012854381,Urban
zzz-222@63g-2c2-zj9,71,0.18276761,Urban
zzw-222@8gf-dqd-m49,71,0.119365364,Urban
zzw-222@647-3gd-7h5,44,0.23825157,Rural
222-222@8gf-rnb-rhq,44,-0.06986821,Urban
225-223@8gg-9tq-j9z,45,0.14103304,Urban
zzy-22b@8gf-dq8-x3q,48,0.21061586,Urban
222-222@647-5g5-yvz,53,0.1268377,Urban
zzy-222@8gg-b82-z9f,62,-0.1637761,Urban
zzw-222@63f-m34-k9f,71,0.028410666,Rural
222-222@8gf-r6z-ckf,72,0.14995027,Urban
zzy-225@8gf-dv5-bc5,48,0.08724869,Urban
227-222@8gg-bjn-8qf,54,0.10955531,Urban
zzy-223@647-5hm-py9,42,0.19304037,Urban
222-222@8gg-bzm-kmk,44,-0.06268752,Urban
223-225@647-5c7-4vz,44,-0.27306497,Urban
222-222@8gg-d7d-ht9,44,0.28530654,Urban
zzw-222@63f-kv5-td9,53,-0.2043864,Urban
223-222@8gf-fvc-f9f,53,0.02360146,Urban
zzy-222@8gf-qdp-v75,53,-0.024856986,Rural
224-223@647-5gs-kcq,62,-0.1216748,Urban
223-222@8gf-dt6-92k,72,0.2115585,Urban
222-222@63f-m3q-d9z,72,0.30427164,Urban
22b-222@63g-4p8-wc5,81,0.27320138,Rural
zzy-225@8g9-njw-g6k,44,-0.04788577,Rural
zzy-224@8gg-3jc-zs5,44,-0.10263354,Urban
222-222@8gg-3f4-2c5,61,0.16710733,Urban
zzw-222@8gg-d8x-f9f,71,-0.056530643,Urban
222-222@8gg-b8f-9mk,44,0.0120031545,Rural
zzw-225@8gf-drr-f75,53,-0.06827301,Urban
zzw-222@8gf-pxb-bp9,53,-0.114855796,Urban
zzw-222@8gf-rw2-w49,61,0.2639368,Urban
zzy-222@8gf-df5-jd9,62,0.1539967,Urban
zzy-222@8gg-rpg-f4v,71,0.060856413,Rural
zzy-223@8gf-ds3-nh5,72,0.2912119,Urban
zzw-222@8g9-kwx-xwk,44,0.026355397,Rural
222-222@8gf-fcy-rff,44,-0.03931645,Rural
zzy-222@8gg-byz-6c5,52,-0.2187287,Urban
222-222@63f-kkt-hdv,61,0.33206573,Urban
zzy-222@8g9-hzf-r8v,61,0.15574928,Rural
zzy-222@8gf-fnh-4gk,62,0.22382465,Urban
zzw-222@63f-kfn-8gk,71,0.38788247,Urban
222-222@63f-m3q-qzz,72,-0.044114683,Urban
zzw-222@63g-2f2-k2k,72,0.13713908,Urban
223-222@8gg-9sq-8qf,72,0.27975023,Urban
zzw-222@647-5h3-s5z,44,0.21851788,Urban
zzw-223@63f-kky-btv,44,0.17599535,Urban
zzw-222@8gg-3k2-7t9,53,-0.15806167,Urban
zzy-222@8gf-rgq-9j9,53,0.17403437,Urban
222-223@63f-ksr-hnq,71,0.26842007,Urban
zzw-224@63f-kke-c5z,71,0.24391267,Urban
223-223@63f-m2p-vxq,72,0.1277897,Urban
222-222@8gg-d7k-73q,44,-0.012213418,Urban
zzy-222@647-5gy-mp9,44,0.22685291,Urban
zzy-222@63g-2cf-dgk,44,0.39443466,Urban
223-222@8gf-rnq-33q,51,-0.06952841,Urban
zzy-222@63f-vcj-8y9,53,-0.13109004,Urban
222-222@8gf-cpv-k2k,61,0.13889802,Rural
222-222@8gg-b48-zcq,71,0.10474927,Rural
zzw-222@8gg-bjm-8gk,71,0.0069493563,Urban
222-222@8gf-fvz-sqz,72,-0.08818606,Urban
223-223@8g9-hpr-tgk,23,-0.010328813,Urban
222-222@8gg-3jh-dgk,44,-0.0133813005,Urban
222-225@63g-5jh-6hq,44,0.23156135,Urban
zzw-227@8gf-dt8-gzf,44,0.08327,Urban
zzy-223@8gg-3g5-wzf,45,0.22863373,Urban
227-222@63g-2cf-mkz,53,0.024414951,Urban
222-222@63g-5m9-8y9,53,0.058168273,Urban
zzw-223@8gf-r7s-9mk,53,0.095731884,Urban
223-223@63g-2vx-btv,44,-0.3736063,Urban
zzy-224@8gf-dsz-wzf,44,0.17324138,Urban
222-222@63f-kkd-jgk,44,0.23126692,Urban
224-224@8gg-d7p-89z,53,-0.19394065,Urban
222-222@647-3n3-7t9,61,0.17962839,Urban
zzy-227@8gg-3jt-q2k,62,0.17708935,Urban
zzw-222@8gf-r54-zfz,71,0.34338832,Urban
zzw-222@63g-5ks-brk,71,-0.029475631,Urban
zzy-223@8gg-3h8-2hq,72,0.26013666,Urban
zzw-222@647-5gy-ct9,72,0.22522826,Urban
zzw-222@8gf-dpr-7h5,44,-0.08898283,Urban
zzy-222@8gg-3mr-nnq,44,0.29222727,Urban
223-222@8gf-ds3-n3q,44,0.3067169,Urban
zzy-222@63f-kvz-92k,44,0.03149464,Urban
zzy-224@8g9-hqx-ysq,44,0.10910041,Urban
zzw-222@63f-kw3-6x5,49,0.34678742,Urban
zzy-222@8gg-3hy-v9f,53,0.13833793,Urban
zzy-222@8gb-krx-rff,54,0.23143372,Rural
zzy-222@8gg-bgr-fzz,62,0.20685728,Urban
zzy-225@8gf-dsd-z75,71,0.2807178,Urban
zzz-223@647-3qb-3t9,71,0.027872548,Urban
zzz-222@63g-2cn-mp9,71,0.06234948,Urban
222-222@63f-ksj-y5f,33,0.10873842,Urban
222-222@8gg-3fb-z75,44,0.14270279,Urban
224-224@8gg-3ks-dn5,44,0.28249303,Urban
223-222@647-3mw-gp9,44,0.40834612,Urban
zzw-222@8gf-dv5-z9f,44,-0.13072406,Urban
zzy-222@63g-2dz-6zf,53,0.22495595,Urban
zzy-222@8gf-g5x-sdv,54,0.07544038,Urban
222-222@8gg-bh9-ckf,61,0.0765951,Rural
226-224@8gf-dsg-7bk,62,0.121625625,Urban
zzz-222@8gg-3fy-389,71,0.25724983,Urban
zzw-222@8gf-r7v-rzf,72,0.0036899033,Urban
zzy-222@8gf-rvy-389,81,0.13438569,Rural
zzy-222@647-3f3-nh5,56,0.07458585,Urban
zzy-223@647-3n3-bp9,54,0.27020463,Urban
222-222@8gf-hpn-hwk,44,0.23086677,Urban
zzw-222@8gf-g6j-n89,44,-0.0814453,Urban
223-223@8gf-fwb-kzz,45,-0.019520644,Urban
224-22k@8gf-r7v-mc5,53,-0.13471532,Urban
zzw-223@8gg-3gv-gkz,62,0.30864164,Urban
zzw-223@8gg-3gv-fvf,62,0.1941256,Urban
zzw-222@63g-2j3-tgk,71,0.046537176,Rural
222-222@63g-5kd-x5z,72,-0.042352114,Urban
zzy-223@8gg-253-6tv,72,0.11847431,Urban
zzy-222@647-3nh-975,23,0.18138994,Urban
223-222@8gf-fkg-qcq,44,0.469131,Urban
222-223@63g-5tp-pd9,61,0.15858729,Urban
222-22j@8gg-3gv-grk,62,0.14395885,Urban
223-222@647-36q-d9z,81,-0.025178498,Urban
222-223@647-4x9-59f,81,0.2610262,Rural
zzy-222@63f-m3f-y7q,81,0.14916043,Urban
222-223@8gg-3mm-3t9,44,0.15982723,Urban
zzy-222@63f-km6-qzz,44,-0.329097,Urban
273-222@63f-kjm-9pv,44,0.06394795,Urban
223-222@63f-vck-249,53,0.045334868,Urban
222-222@647-3q9-swk,92,0.198349,Urban
zzw-223@647-3q2-cwk,44,0.028417403,Urban
222-222@8gf-fnb-jvz,44,-0.12044014,Urban
223-224@8gf-bqs-wp9,44,0.049743745,Urban
227-223@63f-kv9-fj9,44,0.10659759,Urban
zzw-222@8gf-pgp-d35,45,0.21638036,Urban
222-224@8gg-3fk-r49,53,-0.07848905,Urban
22k-222@63g-2cb-kmk,53,0.05254207,Urban
zzw-222@8gg-tcs-kmk,62,0.21251537,Urban
222-222@63g-2jz-xdv,71,0.4110433,Urban
zzy-222@8gg-b2n-v4v,71,0.044784937,Urban
222-224@647-5dn-hkf,72,0.14624542,Urban
zzw-222@63k-ycw-yvz,72,0.19218816,Rural
222-222@63f-ktr-jn5,44,-0.28859186,Urban
zzw-222@8gf-drv-rx5,44,0.03510756,Urban
26h-222@8gf-dt2-35z,53,-0.27052382,Urban
zzy-224@63f-kvs-4sq,54,0.18319182,Urban
222-228@8gf-dst-ks5,55,0.22653465,Urban
zzz-222@8gf-dqf-5pv,71,0.35898128,Urban
23k-222@63g-2cf-9vf,71,0.27903333,Urban
223-225@8gg-3jn-7kf,71,0.019577092,Urban
222-222@8gg-3f5-k75,33,0.44683245,Urban
222-227@8gg-cvc-mff,44,0.30984488,Urban
222-222@8gf-pfj-kcq,44,0.05035356,Rural
223-222@8gf-r67-pjv,53,0.22446465,Urban
222-227@647-5fy-rc5,53,-0.12273352,Urban
zzy-222@63f-m28-h3q,53,0.27785823,Urban
zzy-222@8gf-cz4-fpv,61,0.103674896,Rural
22y-222@8gf-ddy-789,62,-0.021785505,Urban
225-225@8gf-fnb-3bk,62,0.26077008,Urban
zzy-222@647-3qd-xwk,71,0.163657,Urban
223-222@8gg-95h-rrk,72,-0.047294486,Urban
222-222@63f-kkt-nnq,72,0.30207974,Urban
zzw-222@8gg-bzk-rx5,72,0.088121615,Urban
zzy-222@8gg-thk-jy9,45,-0.18094353,Rural
zzy-222@647-5jh-7dv,53,0.33937815,Urban
zzw-222@8gf-pxf-nqz,61,0.15618946,Urban
222-222@63g-47v-yvz,61,0.19327381,Urban
zzw-222@8gf-r7q-q75,62,0.39842382,Urban
zzw-226@647-526-y7q,81,0.22769734,Urban
zzw-223@8gf-pd8-jy9,44,0.12191637,Rural
222-222@8gg-9tq-7yv,44,-0.15135896,Urban
zzw-224@647-5hp-mp9,44,-0.02055635,Urban
zzw-222@8gf-rs9-rp9,44,-0.011474118,Urban
zzw-222@8gg-3mn-hnq,53,0.45813495,Urban
zzw-222@8gg-tmf-hqz,61,0.23155212,Rural
zzy-222@8gf-dpt-wrk,62,0.2008764,Urban
222-22r@8gf-fnh-5xq,62,0.1953764,Urban
zzz-222@8gf-fv8-kcq,71,0.22988495,Urban
zzw-223@8gf-pym-x89,44,-0.011165713,Urban
222-225@63g-2jz-p5f,44,0.04074601,Urban
zzw-225@647-5ht-7qz,53,0.082246244,Urban
222-223@8gf-pzb-8sq,53,0.021570928,Urban
zzw-222@63g-5m9-8y9,53,0.26859733,Urban
zzw-229@8gg-d68-qxq,53,-0.18848167,Urban
zzy-222@8gg-9s3-85f,61,0.15322046,Urban
zzw-222@647-5g6-q4v,71,-0.03378709,Urban
223-223@8gf-fnx-8qf,71,0.30900553,Urban
222-222@8gf-fps-9xq,22,-0.004395214,Rural
zzy-225@8gg-3kb-6c5,53,-0.056376435,Urban
zzy-222@8gf-fnh-5vf,53,0.25831908,Urban
222-223@8gg-3gs-vfz,71,0.25290036,Urban
222-222@63f-km2-4sq,71,-0.06877973,Urban
zzw-222@8gf-tnj-bc5,71,0.13857022,Rural
zzy-223@63g-2dz-pd9,71,-0.0726553,Urban
222-222@8gf-r7q-mc5,72,-0.05060619,Urban
zzy-222@8g9-kxn-h5z,72,-0.11147531,Rural
zzy-224@8gf-dq6-pd9,48,0.05147798,Urban
zzw-222@8gg-9cv-p5f,44,-0.16785932,Rural
zzw-222@8gg-d7p-6c5,44,-0.36956292,Urban
222-222@63g-5tq-yvz,53,-0.05527125,Urban
zzw-222@8gf-dj3-nt9,53,-0.0020815025,Urban
zzy-222@8gg-327-y9z,53,0.11991044,Rural
222-222@8gf-r5g-ch5,72,0.092096284,Urban
222-222@8gf-fxp-s5z,72,-0.04588977,Urban
223-222@8g9-nm2-4gk,51,0.18304002,Urban
225-22j@8gf-rnb-h3q,53,0.13837285,Urban
zzw-222@8gf-fnr-ch5,53,-0.00039015393,Urban
zzw-222@8gg-3jx-pn5,61,0.28740337,Urban
zzw-22k@8gg-3jt-q2k,62,0.24241777,Urban
zzy-222@647-3qb-389,71,-0.049708966,Urban
222-222@8gg-9t5-7kf,72,-0.16948004,Urban
zzw-222@63g-2dv-ch5,72,0.11866651,Urban
zzy-222@8gf-myx-rrk,44,-0.06555712,Rural
zzy-222@8gf-q72-mzf,44,-0.08273145,Rural
222-222@63f-ksr-d9z,42,0.20543028,Urban
zzw-222@8gg-s5m-5cq,44,-0.062259227,Urban
222-222@63f-hrq-tn5,44,-0.045234937,Urban
222-222@8gf-rs8-w8v,61,0.20911717,Urban
zzw-222@8gf-dmz-kfz,61,0.2186287,Urban
222-22n@8gf-fnh-5xq,62,0.23060678,Urban
224-227@8gf-dps-49z,62,0.06025414,Urban
zzz-222@647-5gv-z75,71,0.23537183,Urban
zzw-223@63f-kke-c5z,71,0.066085815,Urban
222-222@8gf-drn-4d9,72,0.14136823,Urban
zzy-223@8gf-dss-t35,81,0.28245056,Urban
zzw-222@63f-vd9-ct9,44,0.088557325,Rural
zzy-225@8gf-q72-gzf,45,-0.122140594,Rural
zzw-222@8gg-b7r-2ff,61,0.3084325,Rural
222-223@8gf-fkq-ffz,62,0.060741708,Urban
222-222@8gg-34m-y35,72,-0.061978295,Urban
zzy-222@8g9-hpw-6zf,23,-0.032404076,Urban
zzy-222@8gg-5zj-wp9,33,0.09402079,Rural
zzy-223@8g9-hzb-wzf,81,-0.047930565,Urban
222-223@8gg-b82-xdv,44,-0.24011472,Urban
222-223@8gf-dnh-cyv,44,0.29602727,Urban
222-222@8gg-8wk-gff,44,0.04799708,Rural
zzw-223@63f-kkv-8qf,53,0.15892752,Urban
zzw-222@63g-2bq-jy9,53,-0.08172762,Urban
223-222@63f-kjn-7dv,53,0.03750795,Urban
zzy-226@8g9-n9g-j35,53,0.017758058,Rural
zzy-222@8gf-dt6-vpv,53,0.05911364,Urban
zzw-222@8gg-3jt-ffz,61,0.11659145,Urban
zzw-222@8gb-ns3-73q,71,0.07935246,Urban
zzw-222@63f-kw6-k4v,72,-0.28320205,Urban
zzy-222@8gf-tg9-hqz,72,0.09717211,Urban
222-222@8gf-dqc-btv,44,0.058122028,Urban
222-226@8gf-bmh-q4v,53,-0.15497974,Urban
222-222@8gf-drj-3kf,53,0.2346804,Urban
222-222@63g-2d2-ch5,61,0.069054246,Urban
zzw-222@8gg-25b-85f,61,0.14469211,Urban
zzy-226@8gg-3g9-vmk,62,0.088547036,Urban
zzz-222@8gg-d6p-nnq,71,0.052814916,Urban
222-222@63f-kvg-9cq,72,-0.022178585,Urban
223-222@63g-2jz-vpv,72,0.11160672,Urban
228-222@8gf-rxr-y7q,62,0.17593953,Urban
zzy-225@8gg-3f5-4vz,56,0.26890108,Urban
222-223@8gf-rnc-nh5,44,0.27934998,Urban
222-222@8gf-dq5-4sq,44,0.2231953,Urban
zzw-222@8gf-pgb-ffz,53,0.36436704,Urban
223-222@8gf-g6k-7wk,71,-0.021149816,Urban
222-222@8gg-3kf-x3q,71,0.122880965,Urban
222-222@647-5dp-dvz,72,0.06907452,Urban
zzw-222@8gf-pz8-fs5,44,-0.18670507,Urban
zzw-222@8gg-628-ht9,44,0.4649396,Urban
225-222@8gf-fg6-389,44,0.02449951,Urban
zzw-222@63g-24s-fcq,44,-0.202685,Rural
222-222@8gf-rj5-bhq,44,0.123931594,Rural
222-22d@647-5ht-mzf,52,0.24695535,Urban
222-222@647-5hw-2kz,53,-0.25118414,Urban
222-222@8gg-d7f-zvf,61,0.2709847,Urban
zzy-225@8gg-3gt-435,62,0.17693163,Urban
zzz-222@8gf-r7r-rc5,71,0.059669927,Urban
222-222@63f-vch-zxq,72,0.070614494,Urban
zzy-222@8gg-tk2-nnq,33,-0.022727221,Urban
222-222@8gf-fxk-jsq,44,-0.09460186,Rural
zzy-222@8gf-m88-bkz,44,-0.07142437,Rural
222-222@8gg-3fn-9vf,53,-0.079313785,Urban
zzw-222@8gf-dj4-wrk,61,0.23091483,Urban
zzw-222@647-5ht-pvz,61,0.23687303,Urban
zzw-222@8gf-dsb-9xq,61,0.21032755,Urban
222-222@8gg-9sq-rc5,62,0.21955487,Urban
zzy-222@8gg-3g9-dqf,71,0.24947158,Urban
zzw-222@8gf-qwq-vvf,71,0.013625203,Rural
222-222@8g9-hyr-vxq,72,-0.08161089,Urban
222-222@8gg-7dc-t35,81,0.13526371,Urban
zzw-226@8gg-thk-nt9,44,-0.056607142,Urban
zzy-222@8g9-n8p-dqf,44,-0.05210725,Rural
222-222@8gg-3js-575,44,0.22091503,Urban
zzw-22n@63f-kvg-94v,44,-0.06776488,Urban
zzy-222@8gg-tnr-5zz,45,0.12091537,Rural
zzw-222@8gg-b5m-3dv,61,0.052852977,Rural
zzw-223@8gg-3gw-rc5,71,0.08518294,Urban
zzw-222@8gg-d6v-jgk,44,-0.08541383,Urban
zzw-222@63f-kjs-wc5,44,-0.036990643,Urban
222-222@8gf-bwk-gkz,44,0.25370917,Urban
222-224@63f-kvq-cdv,44,0.04049383,Urban
zzy-222@8g9-n8q-nqz,44,-0.120086744,Rural
zzw-223@647-37x-5j9,45,0.07025415,Urban
zzy-222@8gf-ddx-gp9,52,0.33070886,Urban
222-229@63f-kjy-m6k,53,-0.16118535,Urban
222-222@8gg-d6j-bx5,61,0.17996144,Urban
zzy-222@8gf-g6b-9mk,71,0.08033583,Rural
zzy-223@8gg-d7q-kxq,71,-0.073778816,Urban
225-223@8gg-9t5-5fz,71,0.037518956,Urban
zzy-223@647-3nd-fzz,71,0.06278231,Urban
zzw-222@647-5hv-q9f,72,0.05152758,Urban
222-222@8gf-r7r-bx5,44,0.43311924,Urban
226-222@647-3qj-vxq,44,0.203125,Urban
zzw-224@63g-2jr-8sq,61,0.17189294,Rural
223-222@8gf-r5d-xwk,61,0.24457403,Urban
zzw-222@8gf-fkm-nnq,62,0.16426015,Urban
zzw-222@8gg-d7d-jqf,71,0.09343328,Urban
222-223@8gg-254-mhq,72,0.04567746,Urban
zzw-222@8gf-rqg-yn5,44,0.20066074,Urban
zzy-223@8gf-dnc-h89,56,-0.09856975,Urban
222-222@63g-5tm-dy9,44,-0.18384059,Urban
zzy-223@8gf-fxz-dy9,44,0.16452241,Urban
zzw-222@63f-kky-tn5,53,-0.051328976,Urban
zzy-223@8gf-dqr-fzz,53,0.0036961238,Urban
zzw-22f@63f-kvq-snq,61,0.2473406,Urban
zzw-222@8gf-fx8-r49,61,0.024530953,Urban
zzw-222@8gf-fnw-nnq,71,0.061277736,Urban
zzw-224@8gg-3jh-f9f,72,0.2508008,Urban
zzy-223@63f-ktk-skf,23,0.14706445,Urban
zzw-223@8gf-dsx-w49,44,0.2221883,Urban
zzy-222@8gf-dq6-v2k,44,0.3384336,Urban
223-222@63g-2bz-skf,44,0.26308963,Urban
22h-222@8gf-fw9-wx5,53,-0.10735963,Urban
222-222@8gg-77y-x3q,53,0.03926518,Rural
zzy-222@8gf-bmh-st9,54,0.1837019,Urban
222-222@8gf-dds-r49,61,0.21490405,Urban
zzw-222@8gg-c9p-kvf,61,0.0982191,Urban
zzw-222@63f-m3f-3qz,61,0.2407835,Urban
222-222@8gf-fkm-ndv,62,0.2520189,Urban
zzw-222@8gg-3jh-dqf,72,-0.02514751,Urban
zzy-226@63f-kkn-zzz,81,0.16505967,Urban
222-223@8gf-r59-xkf,44,-0.058314145,Urban
222-222@63g-2cr-gp9,44,0.10484632,Urban
227-225@8gf-fnr-djv,44,0.23173626,Urban
224-222@647-5hw-wzf,44,-0.0035686349,Urban
222-222@8gf-dsk-3dv,44,0.054851666,Urban
zzy-222@8gf-cyh-xyv,45,-0.005292401,Rural
zzy-223@8gf-fpj-ch5,45,0.14967754,Rural
zzy-222@8gf-rkc-zs5,53,-0.09082799,Urban
zzw-222@8gf-d5t-3dv,61,0.24939786,Rural
zzz-222@63f-kjh-tvz,71,0.090997815,Urban
224-222@63g-5hf-bp9,72,0.0016361222,Urban
zzy-224@8gf-dtf-qpv,81,0.23282765,Urban
zzy-223@8gf-dsg-2hq,56,0.2555391,Urban
zzw-223@8gg-9rf-649,44,-0.085157424,Urban
222-226@63f-kvr-w8v,44,0.087991595,Urban
222-222@63g-25b-pd9,44,0.032493893,Rural
zzw-222@8gg-3gm-dsq,44,0.17546816,Urban
zzw-222@8gf-fw9-m49,44,-0.22423263,Urban
222-222@63g-2ch-4sq,45,-0.048797414,Urban
22c-223@647-37x-bzf,53,-0.16946214,Urban
224-222@8gg-3g9-dy9,53,-0.10476255,Urban
zzw-222@8gg-3gw-d9z,61,0.33179668,Urban
zzw-228@8gf-bmc-3qz,62,0.20726492,Urban
zzw-222@8g9-nvc-xh5,71,0.38626134,Urban
zzz-222@63g-2bq-bzf,71,0.15247445,Urban
zzw-222@8gf-dst-g6k,72,0.15450703,Urban
222-222@647-5h8-59f,72,0.026608352,Urban
22c-223@8gg-34b-tqf,23,0.21432193,Urban
zzy-222@8g9-kfq-7h5,44,-0.06414632,Rural
zzw-222@8gg-c9k-xnq,53,-0.103394,Urban
zzw-222@8gf-dpb-z75,61,0.18985225,Urban
zzw-222@8gf-dst-fzz,61,0.15869471,Urban
zzz-222@8gg-34d-m8v,71,0.09328317,Urban
zzy-222@63g-45x-brk,81,-0.14992902,Rural
zzy-222@647-3qc-rc5,23,0.123500116,Urban
222-222@8gg-62d-2hq,44,0.122566454,Urban
222-223@63g-2bx-26k,53,-0.10961492,Urban
zzw-222@8gg-3gv-d5f,53,-0.07082462,Urban
222-229@8gf-dng-sqz,53,0.15236598,Urban
zzy-223@8gf-hrk-n3q,53,0.1072966,Urban
zzy-222@647-5dw-whq,55,0.0033990254,Urban
222-222@647-3q2-45f,61,0.20435904,Urban
zzy-222@8gg-78p-jy9,62,0.1415837,Rural
zzy-222@8gf-g5w-75z,71,0.24818014,Urban
zzw-222@647-3fn-5cq,71,0.25728855,Rural
zzw-229@8gf-dsq-7wk,72,0.108260415,Urban
zzw-223@8gf-fw9-jd9,72,0.03591081,Urban
228-222@8gf-dsd-9fz,72,0.27592745,Urban
zzy-222@647-3qc-t35,81,0.18560514,Urban
zzy-222@8gg-rqj-9pv,54,-0.047549307,Urban
222-222@8gb-m3f-skf,44,0.01753344,Rural
zzy-222@8gg-78n-6hq,44,0.0062628803,Rural
222-222@63g-45y-v4v,44,0.24243635,Urban
223-222@647-3qk-jqf,44,0.07737203,Urban
zzy-222@8gf-dnh-st9,53,0.29462668,Urban
zzw-222@63f-ksq-gp9,61,0.10654705,Urban
zzz-222@63g-2f2-7wk,71,0.29234266,Urban
226-222@8gg-ct6-9pv,81,0.14875157,Urban
zzw-224@63g-5tg-p5f,44,0.18456699,Urban
zzw-223@8gf-dnh-gp9,44,0.19170082,Urban
222-222@8gf-r7z-pn5,44,0.21057177,Urban
22q-223@647-5gy-z4v,53,-0.18702771,Urban
222-222@63f-kgh-bhq,53,-0.09550495,Urban
222-222@8gf-drv-bzf,72,0.06606754,Urban
222-224@8gf-rhx-gff,72,-0.024954716,Rural
zzw-222@647-5dy-99f,72,-0.15814254,Urban
228-222@647-5fz-kpv,72,-0.09279734,Urban
222-222@8gf-rgq-6zf,92,0.15173371,Urban
zzy-226@8gf-tg5-bx5,44,0.08941336,Rural
zzy-224@8gg-7gx-xt9,44,0.23116095,Rural
zzy-223@8gf-qy9-w8v,44,0.044273786,Rural
zzw-222@8gf-g6r-wp9,53,0.014311654,Urban
222-222@647-3ft-p9z,61,0.33405662,Rural
23y-222@8gf-dng-tqf,62,0.0877446,Urban
zzw-222@647-2z4-7t9,71,0.11014415,Rural
222-222@8gg-d73-249,72,0.33901858,Rural
zzw-222@8gg-tkc-vvf,31,0.2567167,Urban
zzw-222@8gf-fns-5mk,53,-0.07413232,Urban
zzw-222@63f-kjz-xbk,53,0.09537831,Urban
zzw-223@63g-54p-wkz,61,0.2991207,Urban
223-222@647-5dt-w8v,61,0.3136077,Urban
zzz-222@63g-2cb-f9f,71,-0.028867671,Urban
zzz-222@8gg-3jg-5zz,71,0.105474025,Urban
223-222@647-526-c89,72,0.1648617,Urban
222-222@647-3gk-j7q,23,0.10128435,Urban
222-222@8gb-ns3-5fz,44,-0.023880063,Urban
225-222@63g-5jg-94v,44,-0.07780084,Urban
222-222@8gg-d6v-gff,44,-0.22521596,Urban
222-222@8g9-nvc-tsq,61,0.16789137,Urban
zzw-225@8gf-dq6-2kz,62,0.15766685,Urban
zzy-222@8gf-dv7-kfz,71,0.13413216,Urban
zzw-223@8gg-thk-qxq,72,0.04611732,Urban
223-222@8gg-9fh-3bk,72,0.2966673,Rural
zzw-222@63g-5m9-5mk,72,0.024589207,Urban
222-222@8gb-ns3-9cq,72,-0.1014594,Urban
222-222@8gg-th9-wc5,44,0.14872679,Urban
222-222@647-36q-c3q,44,-0.058288768,Urban
zzw-222@8gg-644-hqz,44,-0.10443195,Rural
222-222@8gg-d67-y7q,53,0.034584932,Urban
222-222@8gf-drx-6kz,61,0.2295465,Urban
zzy-222@8gg-34m-x5z,71,0.13683039,Urban
222-223@63g-2c9-wkz,71,0.2769851,Urban
zzy-222@8gf-dnk-wtv,72,0.074988164,Urban
223-223@8gg-628-hnq,81,0.3617032,Urban
zzy-22n@8gf-smn-3h5,44,-0.054680202,Rural
222-222@8gf-rny-z75,44,-0.0044091544,Urban
22z-222@8gf-dn8-tqf,44,-0.26077583,Urban
223-222@8gg-9tq-jqf,45,-0.026785662,Urban
zzw-222@8gf-drv-v9f,53,0.03659203,Urban
223-222@8gg-3gm-dsq,53,-0.053075146,Urban
222-222@8gf-rqn-wzf,53,0.08830908,Urban
zzw-222@8gg-8ym-8vz,61,0.3095366,Rural
222-22k@8gg-3gv-grk,62,0.20492552,Urban
zzz-222@8gf-fv9-fvf,71,0.12383344,Urban
zzw-222@8gg-d6b-7t9,71,-0.011209921,Urban
zzw-225@647-3qc-rkz,71,0.21349959,Urban
223-222@63g-5jj-5mk,72,-0.05813927,Urban
zzw-222@8gg-9sq-rx5,44,-0.1583084,Urban
222-222@63f-kv6-8qf,44,-0.018913565,Urban
zzw-222@8gf-dn8-tn5,44,-0.11609534,Urban
225-222@8gf-fy2-g8v,44,0.12386334,Urban
222-222@647-35y-zj9,44,0.024861336,Urban
zzw-222@8gf-rnr-b49,44,0.18484968,Urban
22j-222@8gf-px8-68v,51,0.0379025,Urban
zzw-222@8gf-pz9-bzf,61,0.1072517,Urban
222-222@8gf-px7-zcq,61,0.2849562,Rural
zzw-222@8gg-byz-h89,61,0.27304888,Urban
zzy-222@8gg-8yq-f2k,61,0.057272643,Rural
229-224@8gf-dt2-xwk,62,0.030030439,Urban
222-222@647-3gk-v2k,72,-0.05964097,Urban
222-222@8g9-hzg-rhq,62,0.2177394,Rural
zzy-222@8gg-cts-5fz,22,0.1652019,Urban
zzw-223@647-5h2-zxq,44,-0.2676095,Urban
222-222@8gf-dn8-ckf,44,0.15961944,Urban
223-223@8gf-dqr-h89,44,-0.10904566,Urban
zzy-222@8gf-g4x-b6k,44,0.19050336,Urban
zzw-224@8gg-9tq-4y9,44,-0.037590504,Urban
zzy-222@63g-2cr-cdv,53,0.1499885,Urban
zzw-222@63f-ksy-yqf,61,0.28062007,Urban
zzw-222@8gg-ctz-rc5,61,0.22782384,Urban
222-222@63g-5tm-kfz,71,0.006756197,Urban
222-222@63f-kjn-b8v,81,-0.14964014,Urban
zzw-222@8gg-th2-m8v,44,0.01071858,Urban
222-223@63f-m32-zzz,44,-0.051163435,Urban
222-222@8gf-dnb-syv,44,0.10674338,Urban
zzy-222@63g-2h9-wtv,53,0.38279083,Urban
222-222@8gf-fs4-p35,72,0.18320282,Rural
222-223@647-3gk-v4v,81,0.22652876,Urban
222-222@8gg-6hp-52k,44,0.1603022,Rural
222-223@8gf-dpq-hkf,44,0.1874087,Urban
222-222@8gg-bfd-2zf,44,0.07763994,Urban
222-222@63f-kjp-dy9,44,-0.041312393,Urban
zzw-222@8gf-fkg-2zf,53,-0.15359752,Urban
zzy-222@647-3n5-st9,62,0.18711007,Urban
222-222@8gf-bmg-4qf,62,0.26089355,Urban
228-223@647-3qj-6c5,71,0.063137904,Urban
222-222@8gf-dqf-28v,71,-0.035511646,Urban
zzy-224@8gg-ryq-r49,72,0.033808116,Rural
222-222@8gg-cvc-n3q,72,0.3334863,Urban
22v-222@647-3qm-9xq,44,0.10002818,Urban
zzy-222@8gg-bgv-4n5,44,0.005010923,Urban
zzw-222@8gb-ns3-9j9,44,-0.034144126,Urban
225-223@8gf-dn9-rkz,53,-0.1646195,Urban
zzw-223@63f-kjs-yn5,53,-0.030065225,Urban
zzz-222@63f-ksy-8qf,71,-0.012199394,Urban
222-222@8gg-9tq-cbk,72,-5.8535374e-05,Urban
222-222@647-3q2-cnq,72,-0.04646982,Urban
223-222@8gf-fvz-fzz,72,-0.21767132,Urban
zzw-223@8gg-ctr-xnq,72,-0.06967375,Urban
zzw-222@8gf-fkg-b49,44,0.21026722,Urban
223-222@8gf-g4t-fs5,44,0.037947886,Urban
223-222@63g-5m8-ffz,44,-0.14511423,Urban
223-222@8gg-ctx-w49,44,0.011739572,Urban
223-222@8gg-3fn-dd9,44,0.077026226,Urban
222-223@8gg-9fm-hh5,44,0.15414134,Rural
zzw-227@8gf-dq5-789,53,-0.24629197,Urban
222-223@63g-5jh-ygk,61,0.027216896,Urban
225-223@8gg-3fj-n3q,62,0.25570664,Urban
zzy-223@8gf-qwm-5pv,72,-0.16939615,Rural
222-222@63f-kv4-dsq,72,0.003395514,Urban
zzw-223@8gf-dry-975,44,0.18681103,Urban
229-222@8gg-3h3-3h5,53,-0.1436283,Urban
zzw-222@63g-2cb-fpv,71,0.24020869,Urban
222-225@63f-m3f-fmk,72,0.06698277,Urban
zzw-22c@8gg-tht-vs5,81,-0.16985475,Urban
223-223@8gf-fpj-nbk,44,0.30913,Rural
222-224@8gg-3gv-fs5,62,0.30194005,Urban
zzw-225@8gf-r7v-m49,62,-0.089829005,Urban
zzz-222@8gg-34c-pvz,71,0.18327014,Urban
zzy-222@8gf-fnw-fzz,71,-0.015178695,Urban
222-222@8gg-254-p9z,72,0.01726274,Urban
223-222@8gg-3dg-975,44,0.16817003,Urban
224-223@8gg-3kw-d7q,44,0.16914135,Urban
zzy-222@8gg-bgm-6ff,45,0.088990346,Rural
zzy-226@8gg-b5m-2kz,56,-0.14623414,Rural
zzw-222@63g-5tf-zj9,61,0.19444896,Urban
zzy-223@647-3qj-yn5,71,0.06702612,Urban
zzw-222@8gg-bwc-dd9,71,0.20723855,Urban
zzw-222@8gf-qwr-xnq,71,0.036712516,Rural
225-222@63f-kkd-w6k,71,0.15366907,Urban
zzy-222@647-5fz-jsq,81,-0.025545184,Urban
zzw-222@8gf-tnk-ygk,81,0.27170914,Rural
222-222@8gg-d4r-8d9,44,-0.013919267,Rural
zzy-223@8gg-rqh-gx5,44,-0.05036323,Urban
222-222@8g9-hsf-g49,44,0.1539317,Urban
zzw-222@8gf-fw7-jvz,53,-0.055041645,Urban
222-222@8gf-rns-x89,53,0.35515848,Urban
227-226@8gf-r72-2rk,61,-0.014519388,Urban
222-222@63g-2jv-t35,62,0.24523944,Urban
zzy-223@8gg-c9n-z4v,72,-0.010706186,Urban
zzw-23g@8gf-dt2-xnq,62,0.4518335,Urban
222-222@8gf-d75-qpv,44,0.08431256,Rural
222-222@647-3pr-yy9,53,0.081645556,Urban
223-224@8gf-fvy-mzf,62,0.20977612,Urban
zzy-222@63g-2f3-y35,72,0.009514736,Urban
229-222@8gf-dng-vxq,44,-0.11926731,Urban
zzw-222@8gg-3jr-zcq,44,0.30729985,Urban
zzy-222@8gf-r59-xkf,44,0.08240685,Urban
222-222@8gg-7bh-6hq,44,-0.05647937,Rural
222-22d@63g-2cg-zcq,53,-0.19991377,Urban
222-222@8g9-hzc-2p9,72,0.23441945,Urban
zzy-222@8gf-dpf-pn5,81,-0.018303398,Urban
zzy-222@647-5jq-9s5,56,0.21926357,Urban
zzy-222@8gf-frc-yqf,44,-0.035072066,Rural
222-224@8gf-fng-qcq,44,-0.22112185,Urban
zzw-222@8gg-9fh-f2k,44,-0.005066019,Rural
223-223@63f-kw6-5j9,52,0.029952634,Urban
zzy-222@63f-km3-vj9,53,-0.038348854,Urban
229-222@8gg-3jt-wrk,62,0.25397503,Urban
222-223@8gg-9tf-kpv,62,0.20018935,Urban
zzy-222@8g9-nvc-8vz,71,0.3884972,Urban
222-222@8gf-fpn-3qz,72,-0.24638924,Rural
zzw-224@63f-m3q-gtv,72,-0.009575663,Urban
zzy-222@8gg-rjk-y7q,81,0.02577734,Urban
225-222@8gf-dsq-whq,81,0.109882884,Urban
zzy-223@647-3qd-wx5,44,0.23316808,Urban
222-222@647-3q2-7qz,45,-0.012671507,Urban
zzy-222@647-36f-8y9,53,0.14566025,Rural
225-222@8gf-dsg-8vz,62,0.17676103,Urban
zzy-222@647-5dr-hnq,62,0.17944464,Urban
zzy-222@8gg-62c-zpv,71,-0.010714062,Urban
zzy-222@8gf-dtg-fpv,81,0.16666235,Urban
222-222@8gg-3kb-dgk,44,-0.20521297,Urban
223-222@8gf-fkf-xwk,45,-0.09969514,Urban
222-225@8gf-ddy-73q,53,0.08685597,Urban
223-223@8gf-fng-hwk,62,0.20931388,Urban
229-222@8gf-dpd-tsq,62,0.13809763,Urban
zzw-22p@8gg-3jm-wrk,44,0.0053530824,Urban
223-222@8gg-3g7-dgk,44,0.13371083,Urban
222-222@8gf-fnx-8gk,44,-0.055754352,Urban
222-223@63f-kv7-54v,44,0.18449737,Urban
237-223@8gf-dq6-47q,62,0.18956965,Urban
224-222@63g-2bz-w49,72,-0.09085839,Urban
222-222@63f-m3m-9s5,44,-0.14737375,Urban
225-222@8gf-fvg-j9z,44,0.11252965,Urban
zzw-225@8gf-rxz-swk,44,0.1614483,Urban
224-223@647-5hx-f75,44,0.27867,Urban
229-222@63f-kkt-nh5,53,0.04489567,Urban
226-223@8gf-dps-47q,53,-0.15697144,Urban
zzw-222@8gf-fw9-xwk,53,-0.16573805,Urban
222-224@8gg-3f5-x89,62,0.2714489,Urban
224-223@8gg-ct6-xwk,62,0.056755137,Urban
zzw-222@8gf-hhc-649,71,0.3153785,Rural
zzy-222@8gf-ds9-y9z,72,-0.12559728,Urban
224-222@8gf-tvy-vs5,44,0.16869034,Rural
222-222@8gg-ctx-gzf,44,0.13961896,Urban
223-222@8gg-9tq-649,44,0.089494355,Urban
224-222@63g-486-6p9,49,0.27623615,Urban
zzy-223@8gg-34d-c3q,53,-0.16342524,Urban
223-222@8gg-3hz-wzf,53,0.15350577,Urban
222-222@63g-2d7-n5z,44,-0.110728286,Urban
222-222@8gf-r74-jjv,44,-0.28731203,Urban
222-222@8gg-3fb-zpv,44,0.021799434,Urban
223-222@8gf-hpd-fs5,44,0.32259613,Urban
223-222@8gf-g5p-7kf,44,-0.07025274,Urban
224-222@8gf-dqr-fzz,53,0.021954305,Urban
224-222@8gf-dsf-xh5,53,-0.28374627,Urban
22k-222@63f-kv9-2p9,53,-0.12804763,Urban
zzy-222@8gf-th5-sqz,61,0.22776288,Rural
zzz-222@8gg-tk9-5pv,71,0.3141979,Urban
228-223@63f-ksw-nkf,71,0.07487522,Urban
22n-222@8gf-fns-5mk,72,-0.21010667,Urban
222-222@647-3nd-fvf,72,-0.14138295,Urban
zzw-223@63f-kvg-94v,44,-0.031718835,Urban
zzw-223@63g-488-vpv,44,-0.08325536,Urban
223-22c@8gg-3kg-8d9,44,-0.20314167,Urban
224-222@8gg-254-v75,45,-0.13845845,Urban
222-222@8gf-g3y-wc5,62,0.054135464,Urban
zzy-223@647-523-vzz,71,0.13035683,Urban
222-222@8gf-rnz-249,72,-0.0019774581,Urban
zzy-224@8gf-r82-ndv,44,0.28372288,Urban
222-225@647-527-brk,44,0.3295609,Urban
zzw-222@647-37p-t9z,44,0.090323,Urban
222-222@8gg-s5s-789,44,0.0044466294,Urban
223-222@8gf-fqw-j9z,45,0.022197442,Rural
zzy-222@8gf-bw8-nkf,51,0.28636837,Urban
223-223@8gf-dtf-mp9,53,0.10154516,Urban
222-222@63f-kkd-jd9,53,0.33626774,Urban
22b-224@63f-kfn-jqf,53,0.17925529,Urban
224-222@63g-2ch-75z,53,0.0518311,Urban
zzw-223@8gf-dqh-6x5,61,0.25592142,Urban
222-224@647-3nw-y7q,61,0.2166041,Urban
zzw-223@8gf-dnh-m49,61,0.018125469,Urban
223-22q@8gf-dnh-4n5,62,0.085284494,Urban
zzw-222@8gf-qy3-t7q,62,0.33127624,Rural
zzy-222@8gf-qy6-7qz,71,0.12339569,Rural
225-222@8gg-bhv-87q,81,-0.09872218,Urban
223-224@8gg-d7p-99f,81,0.12432694,Urban
222-222@63g-5m5-rtv,45,0.07168738,Urban
zzw-224@8gg-627-xbk,53,0.12511614,Urban
223-222@8gg-3kf-wzf,53,0.12195215,Urban
zzy-222@8gf-mh4-fpv,62,0.55499846,Rural
zzw-224@8gf-dpd-nyv,62,0.1920841,Urban
zzy-222@8gf-qy3-t7q,62,0.3523494,Rural
zzw-222@8gf-dpf-bff,71,0.30533075,Urban
zzw-223@8gg-cvc-m8v,72,-0.0016618352,Urban
zzy-222@8gg-3dk-7bk,23,0.05174129,Urban
zzw-222@8gf-r5g-52k,44,-0.013385896,Urban
222-223@8gg-3h5-x3q,44,0.16426304,Urban
223-222@63g-2k2-j9z,44,-0.06245113,Urban
zzw-222@63g-2c9-649,53,0.16436277,Urban
224-222@63g-488-vpv,53,0.07325184,Urban
24k-235@63f-kvg-8n5,53,-0.1172781,Urban
222-222@63f-m3j-2c5,62,0.10784578,Urban
zzz-222@8gg-3gg-mx5,71,0.15282468,Urban
zzy-224@8gg-9sm-4jv,71,0.102464736,Urban
222-222@8gg-62g-bx5,72,-0.028850202,Urban
zzw-222@8gg-8wk-gx5,72,0.025267147,Rural
zzw-222@8g9-hsf-grk,92,0.32086536,Urban
zzy-222@8gg-3h8-ct9,23,0.30796877,Urban
zzy-222@8gg-9x8-hkf,44,-0.07478136,Urban
222-222@63f-ksj-7yv,45,-0.16691294,Urban
zzw-222@8gf-bmm-4qf,53,0.056395467,Urban
zzw-222@8g9-nnq-gp9,61,0.025053674,Urban
22b-224@8gg-3k5-5j9,62,-0.02929465,Urban
222-223@8g9-njd-v75,71,0.08326198,Rural
zzy-223@8gf-dt2-bzf,72,0.09368677,Urban
zzy-223@8gf-pz5-vxq,72,-0.04397159,Urban
zzy-222@8gg-bk2-sh5,44,0.23464932,Rural
zzw-223@8gf-rxz-qzz,44,0.20055306,Urban
zzw-223@8gg-tht-yn5,45,-0.038606934,Urban
222-222@8gf-fg2-sh5,61,0.36377358,Urban
225-227@8gg-9sp-kmk,62,0.19581138,Urban
zzy-222@8gf-qfp-7t9,71,0.7840204,Urban
zzw-222@647-5dn-jd9,72,0.25223616,Urban
zzy-222@8gf-dqf-435,81,0.021930456,Urban
zzw-222@63f-kky-y35,44,-0.21783984,Urban
224-223@647-5fy-swk,44,-0.13832776,Urban
224-222@63f-kw6-nt9,45,-0.2029897,Urban
zzy-222@647-37w-pqf,61,0.12331018,Urban
zzz-222@647-527-47q,71,0.059642613,Urban
zzw-223@8gg-9r6-j7q,72,-0.02177425,Urban
222-222@8gf-qws-rrk,44,-0.12255932,Rural
222-222@8gf-fvc-p9z,44,0.0367245,Urban
222-222@8gf-fy2-jqf,44,0.27258676,Urban
zzw-222@8gf-dt2-3nq,45,-0.074315585,Urban
223-224@8gg-9sm-v2k,53,0.13604762,Urban
222-222@8gf-dpd-s5z,53,-0.22226906,Urban
zzw-225@8gf-g5j-x5z,53,-0.035240088,Urban
zzw-222@8gg-9yx-jn5,61,0.14393353,Rural
zzz-222@8gg-62f-vfz,71,0.23535486,Urban
222-222@8gf-r5b-35z,71,0.08250333,Urban
zzw-224@63f-ktb-sbk,71,-0.003677072,Urban
zzw-222@8gg-9sw-fs5,72,0.044186875,Urban
222-222@8gg-bzm-jjv,72,0.31502146,Urban
222-222@8gf-hrk-nnq,81,0.116919085,Urban
zzy-222@63g-2cb-wtv,54,-0.13683975,Urban
222-223@8gg-bwk-fzz,56,-0.12612943,Rural
zzw-222@8gf-pxb-bhq,42,0.024912192,Urban
226-222@63g-2d7-hwk,44,0.081335664,Urban
zzw-223@8gg-s5m-75z,44,0.3032488,Urban
zzw-222@8g9-njw-swk,44,-0.114757314,Rural
222-222@63f-kgh-kj9,44,0.13841742,Urban
zzy-22d@8gg-d8p-rhq,52,0.2876553,Urban
zzw-222@8gf-rnq-435,53,-0.1043703,Urban
223-222@8gf-dq8-vmk,62,-0.04921838,Urban
223-222@8gf-dsq-c5z,71,0.05328266,Urban
zzy-222@8gg-bz6-pvz,81,0.17729092,Rural
zzw-224@8gf-pz8-fs5,44,-0.013980215,Urban
223-222@8gf-dsy-zj9,44,0.31524658,Urban
222-224@8gf-dsg-zxq,44,0.12459356,Urban
222-223@8gg-dhb-zcq,45,-0.15983462,Urban
222-222@8gf-fpn-3wk,53,-0.03515368,Rural
zzy-222@647-5ds-7t9,53,0.07286433,Urban
zzw-222@8gf-dsm-q75,61,0.30344474,Urban
zzw-224@647-3pm-dqf,61,0.18032636,Urban
222-222@63g-5jh-ygk,61,-0.012140447,Urban
zzw-223@8gf-dsg-z9f,62,0.34718058,Urban
222-222@8gf-bmf-tsq,62,-0.106793694,Urban
222-222@8gg-9r4-xt9,44,-0.18399693,Urban
zzy-223@647-3nd-75z,44,0.0623186,Urban
232-222@647-3ms-mhq,53,0.015109756,Urban
zzw-222@63g-5m8-dqf,53,-0.18097226,Urban
222-222@63f-ksy-3dv,62,0.2328459,Urban
222-223@8g9-n5w-tgk,72,0.22903548,Urban
222-222@63f-ksv-9xq,72,0.18560983,Urban
zzy-224@647-3qf-b8v,44,0.0867386,Urban
zzw-222@8gf-dht-92k,44,0.13705906,Urban
zzw-222@8gb-kfz-q2k,45,-0.058911894,Rural
222-222@8gf-tfy-snq,62,0.5331599,Rural
zzy-224@8gg-3mk-9fz,81,0.1761065,Urban
zzw-222@63g-5mc-3kf,44,-0.014388077,Urban
zzw-222@8gf-dpr-5xq,44,-0.066752695,Urban
222-222@8gf-g6s-dqf,44,0.318529,Urban
222-222@8gb-ns3-6kz,44,0.2582203,Urban
223-222@63f-kw6-389,45,-0.10591313,Urban
zzw-223@8gg-254-vxq,53,-0.08875003,Urban
zzw-223@63f-kkz-435,53,0.19025178,Urban
zzz-222@8gf-fy2-d35,71,0.072797544,Urban
222-224@8gf-rnq-2zf,72,0.08540154,Urban
224-222@63f-hqy-8qf,72,0.09132988,Urban
222-226@8gg-9t4-fcq,44,0.34029835,Urban
223-223@63g-2cz-vxq,53,-0.0012356368,Urban
zzy-223@8gf-swy-66k,53,0.12688282,Rural
zzw-224@63g-2cr-sbk,53,0.014117812,Urban
222-223@647-3nq-7yv,61,0.23945679,Urban
zzw-222@8g9-nb5-td9,61,0.18141876,Rural
22g-223@8gf-dng-tqf,62,0.14658067,Urban
222-222@8gf-g6k-nwk,62,0.31593737,Urban
zzy-222@8g9-hzy-8qf,72,0.12202618,Urban
222-222@8gf-px2-54v,72,-0.047470395,Urban
224-222@8gf-dsq-6kz,44,0.1785118,Urban
222-222@647-5h8-vxq,44,-0.017201193,Urban
222-222@8gg-3js-kmk,44,-0.02738317,Urban
222-222@8gf-pzc-brk,44,-0.14815053,Urban
zzw-222@63g-4p8-cdv,61,0.23880951,Rural
222-222@8gf-dv7-4gk,61,0.05830298,Urban
zzw-224@8gg-3m9-8n5,62,0.01569943,Urban
222-222@8gg-9t7-rkz,71,0.29758263,Rural
zzz-222@8gg-62k-c89,71,0.06543836,Urban
222-222@8gg-tcz-dgk,72,-0.12692572,Urban
222-222@8gf-fn9-9vf,72,0.16154383,Urban
zzw-222@647-5dt-wc5,72,-0.15891238,Urban
zzw-222@8gf-rnz-2c5,72,-0.052404873,Urban
zzy-223@8gf-r5g-qcq,81,0.07190358,Urban
222-222@8gf-dv5-btv,44,0.2675643,Urban
22j-225@647-5dv-btv,44,-0.13595468,Urban
222-222@63g-2g6-2kz,44,0.22837555,Rural
22g-224@63g-2bz-qxq,53,0.092036374,Urban
zzw-222@8gg-3h8-x3q,61,0.20285456,Urban
zzy-222@8gf-qfm-5xq,61,0.19539005,Urban
228-222@8gf-dpd-nyv,62,0.19595887,Urban
zzy-222@8gg-d7h-k9f,71,-0.07408376,Urban
zzy-222@8gg-7y2-45f,56,0.16040011,Rural
zzy-225@8gf-pgp-dd9,44,0.2615436,Urban
zzw-222@647-5ds-y5f,61,0.18422449,Urban
zzw-222@647-5gj-3wk,61,0.1844137,Urban
zzy-223@8gg-tmc-gtv,62,0.2181924,Rural
zzw-222@8gf-dsq-7qz,71,0.11702754,Urban
228-222@63g-54m-8sq,23,0.14753321,Urban
zzw-222@8gg-cdv-wx5,44,0.24165924,Rural
222-22b@8gf-fkg-26k,44,0.027491642,Urban
zzw-225@8gf-fnh-5j9,44,0.07341357,Urban
224-222@8gf-qg8-9vf,44,0.043652583,Rural
zzy-226@8g9-knx-wp9,52,0.14547431,Rural
222-223@8gf-dp9-yy9,61,0.16341357,Urban
zzy-223@8gf-rny-xwk,72,-0.001968492,Urban
222-222@63g-2d2-zcq,72,0.26095065,Urban
222-222@63g-2cr-grk,72,0.11053601,Urban
223-222@8gf-m82-x3q,81,-0.019296972,Rural
224-222@63f-kjs-qfz,44,-0.07143252,Urban
222-224@63f-kjs-j7q,45,-0.20650622,Urban
zzy-222@63f-kn5-2c5,53,-0.0071822875,Urban
zzw-222@647-5hx-bc5,53,0.034518402,Urban
222-222@8gf-fn7-6rk,61,0.19280742,Urban
zzw-22t@8gg-3jt-q2k,62,0.13271858,Urban
225-222@63g-54c-4n5,72,-0.050963663,Urban
zzw-222@8gg-9sq-6c5,72,-0.011652101,Urban
zzy-222@647-3nd-fzz,72,0.10335891,Urban
224-222@8gf-qwx-gff,54,-0.27393648,Rural
223-227@63g-2d8-dd9,44,0.04212368,Urban
zzy-222@647-5h6-ffz,51,0.1189498,Rural
223-222@8gf-fmz-3t9,52,0.04490583,Rural
zzw-222@8gg-3fj-jqf,53,-0.046970744,Urban
zzw-227@8gg-3g9-rzf,53,0.041238047,Urban
222-222@8gf-fj7-fzz,61,0.2974298,Urban
223-222@63f-kkb-7bk,72,-0.19466312,Urban
zzy-222@63f-kkd-k2k,81,0.32208228,Urban
222-222@8gf-qfm-nqz,33,-0.06935586,Urban
222-223@63g-2vx-btv,81,0.014620008,Urban
224-223@8g9-kq5-b8v,44,-0.09836512,Rural
222-222@63g-53q-fzz,44,0.10097309,Rural
222-222@63f-kky-yqf,44,0.21588126,Urban
zzw-222@8gf-fw6-t9z,45,-0.21996708,Urban
zzy-222@647-5h7-x3q,53,-0.28885594,Urban
223-222@8gf-sn2-yd9,61,0.34337223,Rural
zzw-222@8gf-drm-wx5,71,0.43975872,Urban
zzy-222@8gf-rtt-pn5,44,-0.109910145,Urban
22c-223@63g-2d7-m8v,44,0.028712623,Urban
zzy-222@8gg-95j-6c5,45,0.032845914,Urban
223-222@8gf-px8-7kf,53,0.074281976,Urban
zzw-222@8gf-g3y-rkz,53,0.12563965,Urban
222-222@8gf-dst-tgk,61,0.20570159,Urban
zzw-224@8gf-pgt-b8v,62,0.26053262,Urban
225-222@63g-2h6-zvf,72,0.023032065,Urban
zzy-222@63g-3tm-zvf,81,0.272876,Rural
zzw-222@8gg-c9m-9fz,44,-0.30066654,Urban
223-222@8gg-b9s-xdv,44,-0.22452632,Rural
zzy-223@8gf-tnt-cdv,44,0.14331888,Rural
223-222@63g-5hm-hwk,61,0.3015642,Urban
zzw-222@8gf-bm9-bx5,62,0.22798721,Urban
222-222@8gf-fng-swk,72,-0.08314777,Urban
zzw-222@647-3qc-wc5,92,0.2035196,Urban
zzw-223@647-5dn-68v,44,0.14762886,Urban
zzw-222@8gg-3j3-9j9,44,0.057957098,Urban
zzw-222@8gg-3hz-jd9,44,0.028958932,Urban
222-228@63f-km4-52k,53,-0.1154101,Urban
zzy-222@8gg-rnr-47q,53,-0.0758974,Rural
222-222@8g9-hzj-xh5,61,0.26861227,Rural
zzw-222@8gf-mbd-kxq,61,0.23497416,Rural
223-222@8gg-973-zfz,61,0.33493483,Urban
222-222@8gf-bwk-gff,72,0.15595405,Urban
223-222@8gf-fng-hkf,44,0.059508402,Urban
zzw-222@8gg-9bw-mp9,44,0.12921382,Rural
222-222@8gf-px4-bp9,44,0.031305384,Urban
223-222@63f-hqy-9vf,44,0.2751937,Urban
222-222@8gf-rt2-gkz,44,-0.08763715,Rural
222-224@8gg-cbn-8d9,53,0.041463044,Urban
zzy-222@8g9-nnq-5xq,53,-0.07007804,Rural
zzw-223@8gg-ctr-2hq,61,0.26957178,Urban
223-222@8gf-fkq-9zz,61,0.08740709,Urban
224-222@8gg-3gv-k9f,62,0.20450807,Urban
zzy-222@8gf-qgk-y5f,71,0.102294855,Rural
zzw-222@8gf-fv8-pn5,72,0.19377421,Urban
zzy-222@647-3np-vpv,81,0.03755031,Urban
zzy-223@647-5dn-mx5,81,0.065136194,Urban
222-222@8gg-3mr-bp9,81,0.039513256,Urban
222-222@8gf-dss-9j9,56,0.048240054,Urban
zzw-226@63g-5jh-w49,44,-0.080986306,Urban
225-225@8gg-3fj-hbk,44,-0.18275504,Urban
228-223@8gg-ctr-7t9,44,-0.063899755,Urban
223-223@8gf-frv-ht9,44,0.47131827,Rural
223-228@8gf-r7t-6p9,53,0.03049782,Urban
zzw-225@8gg-3jt-q4v,62,0.18671608,Urban
222-222@63f-kt7-z2k,72,-0.029368943,Urban
222-223@63f-kkw-6zf,72,0.27609873,Urban
zzy-224@8gg-tmc-gkz,72,0.092874646,Rural
222-222@8gf-qfp-7h5,81,0.23886512,Urban
zzy-223@8gg-wfj-jvz,81,0.04778162,Rural
224-222@647-3q5-3nq,44,-0.10721352,Urban
228-222@63g-5tg-rc5,44,0.34919208,Urban
225-222@63g-5hj-w6k,53,0.044891126,Urban
22d-222@63f-m3j-389,62,0.12596269,Urban
223-223@647-5h8-k9f,72,-0.05125765,Urban
222-222@8gf-dfm-4sq,33,0.2642913,Urban
227-222@8gf-dqt-snq,44,-0.15484115,Urban
222-222@8gf-qx3-d35,44,-0.17706136,Rural
225-222@8gg-3g9-vs5,53,-0.03652692,Urban
222-222@8gf-g5z-54v,53,0.023026524,Urban
zzw-222@8gf-dnh-cdv,53,-0.07731394,Urban
226-222@8gg-3gb-wc5,53,0.23266922,Urban
zzz-222@8gg-3fm-hyv,71,0.02792401,Urban
222-222@647-5g5-7t9,71,-0.05315896,Urban
zzy-222@8gg-2z5-x5z,72,-0.100501135,Urban
22h-222@8gg-d6v-cnq,72,-0.27317795,Urban
223-222@63f-kkc-bzf,72,0.29375353,Urban
zzw-222@8gf-dsc-bff,72,0.1844326,Urban
228-223@8gf-drj-zzz,81,0.381737,Urban
22b-222@8gf-fkh-gkz,81,0.12175543,Urban
zzy-222@8gg-3k2-649,48,0.12725167,Urban
zzy-222@8gf-fzy-zs5,44,0.19996373,Rural
zzy-222@8gf-fcs-kxq,44,0.3456896,Rural
zzw-222@8gg-tgq-dn5,44,-0.025682496,Urban
zzw-222@8gg-s7c-ysq,44,0.16093694,Rural
zzy-224@647-3qd-zcq,61,0.11932634,Urban
zzz-222@8gb-ns3-2rk,71,0.085468,Urban
zzy-224@8gf-dt2-d35,81,-0.001716173,Urban
zzw-223@8gg-8yp-zcq,44,-0.15312013,Rural
224-223@8gg-bjd-3kf,44,0.10953573,Urban
zzy-222@63f-kjy-mx5,53,-0.122656606,Urban
zzw-222@8gg-3jd-3dv,53,-0.25342152,Urban
zzw-222@8gf-fx3-xdv,71,0.06712115,Rural
zzw-222@63g-486-mff,72,-0.11215016,Urban
zzw-222@63g-5m8-bp9,44,-0.11846534,Urban
222-222@8gg-cts-gp9,44,-0.1064446,Urban
222-222@8gg-96z-ygk,44,-0.0035174326,Rural
zzw-222@8gg-3jd-pvz,45,0.008089091,Urban
zzw-222@8gf-dtn-z2k,52,0.2706106,Urban
223-222@8gg-3h8-2ff,53,0.12976077,Urban
zzw-222@63g-2h2-9zz,61,0.19695185,Rural
zzy-224@8gf-drk-snq,71,0.31974152,Urban
zzy-222@8gg-tk8-qvf,45,0.16324471,Urban
222-222@8gf-fh5-zxq,61,0.16322407,Rural
223-222@8gf-rns-5j9,61,0.4686876,Urban
224-223@8gf-fwb-hnq,71,-0.0058056223,Urban
222-222@647-5h8-vzz,72,-0.17571813,Urban
zzy-222@8gf-tg9-j7q,72,0.2818818,Rural
222-222@8gf-rny-99f,44,0.14608996,Urban
zzw-222@8gb-ns3-92k,53,-0.06556532,Urban
228-223@63g-2d7-m8v,53,-0.3363698,Urban
zzy-222@8gg-byz-ct9,61,0.129553,Urban
zzy-222@63f-kkx-v75,81,0.01908342,Urban
222-222@8gf-dq6-v75,44,0.0590595,Urban
223-222@8gg-bgt-m49,44,0.012927879,Urban
222-222@63f-kkh-6kz,44,0.11138044,Urban
zzy-222@647-3qd-y35,51,0.18674691,Urban
zzy-222@8gg-bgr-f4v,53,-0.08923937,Urban
zzw-22c@63f-hqz-4n5,53,-0.14729948,Urban
zzy-224@647-3qc-swk,53,0.20534259,Urban
222-222@8gg-tsj-cdv,61,0.1568962,Urban
zzy-222@647-3ns-tqf,71,0.06385299,Urban
zzy-223@8gg-d7h-rp9,71,-0.100067005,Urban
zzw-222@63f-kk6-yvz,71,0.033729337,Rural
zzw-226@63f-kvp-nnq,71,-0.075703435,Urban
224-222@8gg-9sm-9vf,72,-0.10020044,Urban
hf5-222@8gg-3mq-yjv,54,0.15882553,Urban
zzy-222@647-3qj-66k,42,0.19534284,Urban
zzy-222@8gf-bnd-m8v,44,-0.21410479,Rural
222-223@8gf-r7v-kj9,44,0.39914414,Urban
222-222@8gf-px5-tqf,44,0.26619223,Urban
223-222@8gg-3jm-w8v,51,-0.08815235,Urban
zzw-229@63f-kvk-y5f,53,0.17031932,Urban
zzw-226@8gf-dsh-3kf,61,0.18607593,Urban
zzw-222@8gg-d7n-j35,72,0.00677647,Urban
222-227@8gg-3gw-9mk,72,0.07403282,Urban
222-222@8gf-rxz-wzf,72,-0.025805669,Urban
zzw-222@8gf-fkh-hwk,72,0.16062166,Urban
222-223@8gg-bcf-8d9,44,-0.35490692,Rural
223-222@8gf-d5k-tsq,44,0.009368643,Rural
zzw-222@63f-kkw-73q,45,-0.3501575,Urban
225-223@8gf-g5w-fpv,61,0.26594,Urban
222-222@8gg-bh9-k2k,61,0.35876164,Rural
zzw-222@8gf-dj9-skf,72,0.090864964,Urban
222-223@8gg-c9m-v4v,44,0.03862352,Urban
zzy-223@8gg-bzg-t9z,44,-0.0741039,Urban
222-222@8gf-fw2-9mk,44,0.29694864,Urban
222-222@8gg-byj-6p9,61,0.40567032,Urban
229-222@8gf-fvz-nnq,62,0.28845447,Urban
zzz-222@8gf-px3-5zz,71,0.054338794,Urban
zzw-222@8gf-dsx-qmk,71,0.23346116,Urban
zzw-222@8gf-dnx-4jv,71,0.13937432,Urban
222-222@63g-2bx-2zf,72,0.019692002,Urban
zzw-222@8g9-hyq-yy9,44,-0.030220078,Urban
222-222@63g-2dz-zxq,44,0.14024355,Urban
zzw-222@63f-kw6-djv,44,0.11680978,Urban
zzy-222@8gf-dsb-wkz,53,-0.022140814,Urban
223-223@8gf-dt2-v4v,53,0.14827023,Urban
224-222@8gg-3fn-djv,53,-0.062759995,Urban
zzw-222@8gf-rf5-249,53,0.14782783,Urban
222-222@63f-kkp-66k,61,0.2695876,Urban
222-222@63f-kjk-f4v,61,0.2763924,Urban
222-222@8gg-3jg-47q,61,0.22024937,Urban
zzy-222@63f-kn2-jjv,71,0.38894498,Urban
zzw-222@8gg-tp4-tgk,71,-0.0036664514,Rural
222-222@63f-m32-xwk,72,0.019397251,Urban
229-222@63g-5kz-2zf,72,0.10494725,Urban
222-222@8gf-qfm-zxq,72,-0.19225581,Urban
zzw-222@8gg-d6v-yjv,72,0.2107203,Urban
zzy-222@8gb-khh-vfz,72,-0.012370767,Rural
225-223@8gf-dq8-xdv,44,0.14084655,Urban
223-224@8gf-tg9-j35,53,-0.15936719,Rural
zzw-223@8gf-fng-snq,53,-0.059974324,Urban
23c-222@8gg-3f2-kxq,53,-0.29784426,Urban
223-224@8gf-btw-7dv,53,-0.043935783,Urban
22s-222@8gf-dst-kfz,62,0.27840224,Urban
222-222@8gf-r5g-2rk,71,-0.12664768,Urban
227-222@8gf-fnr-fxq,72,0.13307512,Urban
zzy-222@63f-kn6-rc5,23,0.36093777,Urban
zzy-222@8g9-n9m-5s5,48,0.14504777,Rural
zzw-224@8gg-tcd-nqz,44,-0.11415496,Rural
222-224@8gg-c9m-xh5,53,0.099276565,Urban
222-223@63g-24r-h89,53,0.068386756,Urban
222-222@8gg-9yx-fpv,61,0.42750844,Rural
227-225@8gg-34m-v4v,62,0.07557,Urban
zzw-222@8gg-d8y-t9z,71,0.21322022,Urban
zzy-223@8gg-3qp-zj9,72,0.25840876,Urban
223-222@63g-2bx-3bk,72,-0.091871165,Urban
223-222@8gf-rfs-yd9,44,0.09286974,Urban
222-222@8gg-9tn-5xq,44,-0.19402432,Urban
224-222@8gg-3jt-wkz,45,0.27321383,Urban
zzw-222@647-5hp-wtv,53,-0.037507772,Urban
zzy-222@8gf-r7z-x3q,44,0.14264321,Urban
24f-223@63f-kvg-9mk,44,0.03194243,Urban
zzy-224@63f-hx9-cbk,49,0.20979844,Rural
223-224@63f-hsm-575,53,-0.09837958,Urban
226-225@8gf-fnr-djv,53,-0.06854014,Urban
zzy-222@8g9-npf-5vf,62,0.0060222074,Urban
zzz-222@63g-2cg-ty9,71,-0.034108117,Urban
222-223@8gf-dv2-gx5,72,-0.07694246,Urban
zzw-222@647-5hw-mc5,72,0.07129537,Urban
zzw-222@63f-ktm-5cq,44,-0.19623218,Urban
223-222@8gf-pyx-33q,44,0.18020034,Urban
222-223@8gg-9c4-bx5,44,-0.026078613,Rural
zzw-222@63g-5jb-sdv,44,-0.09495361,Urban
zzw-22m@63f-kvg-94v,44,-0.0718412,Urban
222-222@63g-5mb-7yv,52,0.14511336,Urban
223-222@8gg-s5s-6ff,53,-0.10579345,Urban
222-229@8gf-qfm-p9z,53,-0.118839316,Urban
222-222@8gg-d8r-sdv,61,0.23113894,Rural
zzw-222@8gf-tgb-6zf,62,0.08713927,Urban
224-222@647-3qd-ks5,72,-0.16605201,Urban
222-222@8gf-r69-6kz,72,0.057721972,Urban
224-222@8gf-drj-qpv,72,0.05442279,Urban
222-222@63g-486-t35,72,-0.096093565,Urban
222-222@8gg-3gx-ct9,81,-0.028439421,Urban
22d-222@8gf-dt2-xnq,62,0.35397667,Urban
zzy-222@8gf-btx-8sq,44,0.3660837,Urban
222-222@8g9-hqx-x3q,45,-0.056183722,Urban
zzw-222@8gf-dtp-gff,48,0.1034935,Urban
224-222@63g-2d6-m49,53,-0.03335789,Urban
zzw-222@8gf-rfr-vcq,61,0.35715288,Urban
zzz-223@8gg-3gt-2p9,71,0.21429014,Urban
222-222@8gg-9sw-mhq,72,-0.17211382,Urban
zzw-222@8gg-9cv-mx5,81,0.18353692,Rural
222-222@8gf-dnm-f2k,44,0.20608298,Urban
zzy-224@8gg-rxg-gtv,44,0.045379624,Rural
zzw-22j@8gf-fw6-t5f,53,-0.13959676,Urban
zzw-224@8gf-pgp-d9z,53,0.12751223,Urban
zzw-223@8gf-dn9-f4v,61,0.10533893,Urban
223-222@8gg-csz-2c5,62,0.22918269,Urban
zzz-222@8gf-qfp-mx5,71,0.3533974,Urban
zzw-222@8gf-dn3-vmk,71,0.011173588,Urban
zzy-225@8g9-n9g-kcq,44,0.17086804,Rural
223-222@63g-5td-d35,44,-0.13103393,Urban
222-222@647-3n2-hh5,44,0.26750803,Urban
227-222@8gg-tfk-qfz,44,0.11323979,Urban
227-223@8g9-n5w-rff,53,0.25641355,Urban
zzy-222@647-5hr-rzf,53,0.1072091,Urban
225-223@63g-5jc-kxq,53,0.25256127,Urban
zzw-222@8gg-9qy-hdv,61,0.2650244,Urban
zzy-222@8gg-34h-7wk,71,0.28683847,Urban
zzy-222@63f-m3j-brk,71,0.03651684,Urban
zzw-222@8gg-cbs-wff,71,0.024244424,Rural
223-222@8gg-byw-dsq,44,-0.07577925,Rural
zzw-222@63g-4np-4sq,44,-0.21818331,Rural
227-222@8gf-fkh-gzf,44,0.10253754,Urban
zzw-222@8gg-d7h-pqf,53,-0.1844954,Urban
224-222@647-5dc-hh5,53,-0.08482987,Urban
222-223@63f-kkc-f9f,61,0.19336815,Urban
zzw-223@8gf-r54-zj9,71,-0.18982306,Urban
zzw-222@8gg-3kb-zj9,72,-0.12566124,Urban
zzy-227@8gf-r5g-xdv,81,-0.14728631,Urban
223-222@8gf-fnm-3yv,53,0.11881545,Urban
zzw-222@63g-2cb-m49,61,0.30882025,Urban
zzy-223@8gg-bfd-3bk,72,0.2347274,Urban
zzy-222@8gg-627-gx5,23,0.41060358,Urban
zzw-227@8gf-dsq-835,81,-0.024406534,Urban
zzw-222@8gb-m3f-snq,44,0.085377954,Rural
zzw-226@8gg-s5s-649,44,0.22038025,Urban
223-222@8gf-drv-v75,44,0.12561703,Urban
223-222@8gg-9tq-6ff,44,-0.105907165,Urban
zzw-222@8gg-cvc-6tv,45,0.16522472,Urban
227-224@8gg-3gx-dgk,53,0.13187708,Urban
222-222@63g-5m8-qs5,61,0.31673136,Urban
222-223@8gf-qgm-8sq,71,0.21366476,Rural
223-222@63g-5jh-4qf,72,0.022286884,Urban
222-222@63f-kfn-h5z,72,0.27218053,Urban
zzy-222@8gf-g6d-k4v,81,0.20778489,Urban
zzw-23h@8gf-dt2-xnq,62,0.28531364,Urban
222-225@63g-4p8-y9z,44,0.28719452,Rural
224-222@63g-5jf-ysq,44,0.16227965,Urban
zzy-225@8gg-thb-fs5,44,0.2961822,Urban
zzy-222@8gg-tkf-n89,52,-0.003682534,Urban
222-222@8gg-9tq-j9z,53,-0.22348298,Urban
zzw-222@8gg-cv5-835,53,-0.21359326,Rural
zzw-222@8gf-dsz-zpv,61,0.30802873,Urban
222-222@8g9-nrf-mc5,71,0.34317982,Rural
222-224@8gb-nnr-2hq,72,-0.033679053,Rural
222-223@63f-m3r-d9z,72,-0.046324063,Urban
222-222@647-3ft-btv,72,0.2853648,Urban
222-222@63g-2d7-k9f,44,-0.11039954,Urban
222-223@63g-3tm-nyv,44,0.2790379,Rural
222-222@8gf-dpg-st9,44,0.20787284,Urban
zzw-225@8gg-3jt-68v,53,-0.0707295,Urban
zzw-222@647-3q9-54v,61,0.14705375,Urban
223-222@63f-kt9-92k,61,0.17373596,Urban
zzy-222@63f-m3h-d5f,62,0.28237718,Urban
zzw-222@8gg-3js-y5f,71,0.42863777,Urban
223-222@8gg-thk-rff,72,0.005447796,Urban
222-222@8gg-tht-mrk,72,0.24540456,Urban
222-222@8gf-px9-pvz,44,-0.06526348,Urban
222-222@8gf-cqp-kmk,44,-0.15421931,Rural
zzw-222@8g9-hsg-7t9,44,-0.16463085,Urban
zzw-222@63g-2dk-rx5,61,0.24615325,Urban
zzy-222@8gg-tkc-vvf,61,-0.117868565,Urban
227-224@647-3qh-4jv,71,-0.027126558,Urban
223-222@8gf-fwb-jy9,72,-0.12547685,Urban
223-222@8gg-9tp-h5z,72,0.035604037,Urban
zzw-222@647-5jj-6hq,45,0.00062351517,Urban
zzw-222@8gg-cvc-hwk,45,-0.06713102,Urban
zzy-224@8gf-dqr-jgk,52,0.1547594,Urban
226-222@63g-5tm-whq,53,0.022203356,Urban
zzw-227@8gf-bw8-nkf,53,0.14743447,Urban
222-223@8gg-3jz-yy9,53,-0.12530789,Urban
228-222@8gf-dng-tqf,62,0.15315075,Urban
222-222@8gg-3jt-q2k,62,0.13369274,Urban
zzw-222@8gg-9tq-kpv,72,-0.051118445,Urban
zzy-223@8gf-dn5-v4v,72,0.33266744,Urban
227-222@63g-5k2-h89,72,0.10998002,Urban
zzy-222@8gg-bjm-6tv,92,0.3805168,Urban
223-222@8gf-r5f-xyv,92,0.23632449,Urban
226-222@8gg-d7p-3dv,81,0.048080564,Urban
222-222@8gg-95h-vfz,44,0.15347596,Urban
222-222@8gg-8yp-yqf,44,0.06048657,Rural
222-222@8gg-9tp-j5f,44,0.08770142,Urban
222-222@63f-kt8-bkz,45,0.063140355,Urban
22d-222@8gg-3dq-cqz,53,-0.12334127,Urban
222-222@8gf-fw9-jd9,72,-0.20845841,Urban
222-222@8gg-3md-x3q,44,0.16689189,Urban
222-222@8gg-792-hqz,44,0.06604509,Rural
223-223@8gg-7m6-gkz,44,0.31144625,Rural
zzw-222@8gg-9gg-649,44,0.08410064,Rural
222-222@63g-2c9-h89,44,0.15011948,Urban
223-222@647-5ht-mzf,52,0.18761867,Urban
222-222@8gg-254-rc5,53,0.18818021,Urban
zzw-223@8gg-b2p-cqz,61,0.2213192,Rural
zzy-222@8gf-dgg-v9f,71,0.22505967,Urban
zzy-222@8gf-dtz-ks5,71,0.20208113,Urban
222-222@63g-5m9-dqf,72,0.09247996,Urban
222-222@8gg-tk8-jvz,72,-0.05780644,Urban
227-222@647-5gb-fxq,72,0.032208636,Urban
222-223@8gf-drn-d7q,44,0.24865381,Urban
222-222@647-528-47q,44,-0.04640962,Urban
zzy-222@8gg-d64-bff,62,0.20319885,Urban
zzy-222@8gf-drw-2x5,44,-0.039789453,Urban
225-222@8gg-3m9-8sq,44,0.10356699,Urban
222-224@8gg-bf6-ty9,62,-0.088247836,Urban
23s-222@8gf-rnq-4d9,71,0.21630295,Urban
223-222@8gf-fkg-3kf,72,0.2309501,Urban
227-222@647-3qj-5vf,44,0.14551033,Urban
zzy-222@647-2z5-nqz,44,0.1738224,Rural
222-222@8gg-3qp-wff,44,0.10947678,Urban
229-222@8gg-3fj-mtv,44,-0.14072794,Urban
222-225@647-3gj-m49,44,0.098181434,Urban
222-222@8gf-fs7-kzz,45,0.18690185,Rural
224-222@8gf-dks-2tv,52,-0.12185452,Urban
zzw-223@647-5ht-q9f,53,0.102069825,Urban
22f-223@8gf-fvz-bx5,53,0.09228118,Urban
222-222@8gf-dvb-89z,61,0.20921606,Urban
222-222@647-5dt-w8v,62,-0.12077755,Urban
222-22m@8gg-3gv-grk,62,0.30873272,Urban
226-225@8gf-dps-sdv,62,0.0931713,Urban
zzy-223@8gg-3jx-dvz,71,-0.0899899,Urban
zzy-223@8gf-fmf-rp9,56,0.20794035,Urban
222-223@8gf-fxz-rzf,44,0.18413293,Urban
223-222@647-3dr-cqz,44,-0.028816665,Urban
223-222@8gf-r6v-hwk,61,0.1892025,Urban
zzw-222@8gg-9k3-vs5,61,0.20779711,Rural
22h-224@8gf-fnb-3bk,62,0.25825906,Urban
226-224@8gf-fhy-qxq,62,0.034788936,Urban
222-222@8gf-rnr-jjv,71,0.10310041,Urban
zzz-222@8gg-3m4-kcq,71,-0.12429193,Urban
zzz-222@63f-kts-rkz,71,-0.041142154,Urban
zzw-22b@8gf-dsm-kvf,72,0.34036866,Urban
zzw-222@8gf-cp2-99f,44,0.0012847438,Rural
zzw-222@63g-2d6-tsq,44,-0.03481565,Urban
zzy-222@647-5dd-bkz,44,-0.047481928,Urban
zzy-225@8gf-rsd-pqf,53,-0.057251927,Urban
zzw-223@647-5gv-3t9,61,0.26614532,Urban
zzy-225@8gg-3gb-yvz,71,0.12750927,Urban
zzw-224@63g-2bv-9mk,71,-0.022846084,Urban
223-222@8g9-n5b-8d9,72,0.20290902,Urban
226-222@8gf-dt2-b8v,92,0.061231084,Urban
zzw-222@8gf-q6v-zmk,44,0.02442055,Rural
222-223@8gg-8wh-qvf,44,0.06294159,Rural
223-222@63g-2cb-tsq,44,0.3377368,Urban
zzw-222@63f-ktv-xyv,61,0.30472907,Urban
zzw-222@8gf-dnc-dsq,61,0.31192487,Urban
zzy-222@8gg-d66-3t9,62,0.18231617,Urban
zzw-222@647-5jt-66k,71,0.13369644,Urban
222-222@63g-5k5-x5z,72,-0.28769526,Urban
223-222@63g-2cg-gkz,72,-0.0168209,Urban
zzy-222@8gf-g6t-4qf,33,0.37672758,Urban
zzw-222@8gg-3k2-ty9,45,-0.004324039,Urban
zzw-223@8gf-dsx-49z,53,0.047727242,Urban
zzw-222@8gf-fph-73q,61,0.24497816,Rural
222-222@63g-24b-y9z,61,0.16555203,Rural
zzz-222@63g-2bw-nt9,71,-0.012433406,Urban
222-224@8gf-r5g-rkz,72,-0.020356948,Urban
zzy-222@8gf-dt2-bzf,72,0.1227271,Urban
zzy-224@8gf-dt8-wc5,81,0.13439164,Urban
222-222@8gg-d7d-nnq,44,-0.034853436,Urban
222-222@63f-kk3-xdv,44,0.1527868,Urban
223-222@8gf-hrh-mhq,44,-0.1682886,Urban
zzw-222@8gg-9tp-djv,45,0.10918956,Urban
222-222@647-5ht-wff,45,-0.035242468,Urban
227-222@8gg-9x2-7bk,52,0.11063177,Urban
222-223@63g-5kg-cbk,53,0.026878668,Urban
zzy-223@8gf-dtg-8qf,53,0.10795813,Urban
222-222@8gg-3dz-hdv,61,0.11257369,Urban
222-222@63g-5tg-mx5,62,0.1817546,Urban
22k-222@8gg-3mm-fzz,71,0.00036147147,Urban
223-222@8gg-3gt-bkz,72,-0.06664507,Urban
224-222@63f-kn5-ndv,44,-0.27601266,Urban
222-222@8gf-hhf-bx5,44,0.074208826,Rural
22p-222@647-5jr-7yv,53,0.14311954,Urban
zzw-222@8gg-bfc-8qf,53,0.3001145,Urban
222-223@63f-kv5-d9z,61,0.21117069,Urban
zzy-222@8gf-r5g-d7q,71,0.071440004,Urban
zzy-222@8gg-bwx-s5z,44,0.11159383,Urban
222-222@8gf-bnd-jsq,44,0.31382424,Rural
zzy-223@8gf-cxy-2c5,44,0.29600096,Rural
222-224@8gf-r6b-ndv,44,-0.048279613,Urban
222-222@8gg-3m9-68v,45,0.17179437,Urban
zzw-222@8gg-3hb-85f,53,-0.12701935,Urban
zzw-222@647-5ht-c3q,71,0.09679419,Urban
225-222@647-5g2-9fz,81,-0.05040366,Urban
zzy-222@8gf-g6s-vmk,44,-0.05187666,Urban
zzy-226@8g9-n5h-fmk,44,-0.011944872,Urban
223-222@8gg-9r2-pgk,44,0.43568033,Urban
222-222@8gf-pxb-8d9,44,0.006212119,Urban
222-222@63g-2dv-qcq,53,0.32945564,Urban
zzw-223@8gf-px3-nbk,53,0.20379521,Urban
zzy-223@8gf-rny-mx5,53,0.3627717,Urban
zzw-222@63f-kjp-fpv,61,0.2510787,Urban
zzy-222@8gg-tk8-q9f,72,-0.063856855,Urban
zzy-224@8gg-tjw-mff,44,0.30806404,Urban
225-222@63g-2jw-mrk,44,0.23115014,Urban
222-223@8gf-pgr-cyv,44,-0.077973045,Urban
22d-222@8gf-dpt-d35,53,0.12552224,Urban
zzw-222@8gf-dt7-2x5,54,-0.14147912,Urban
zzw-222@8gf-dj3-xdv,61,0.34187147,Urban
zzy-222@8gg-bjk-xnq,71,0.05070088,Urban
zzw-222@647-3n6-649,72,0.09172671,Urban
224-222@8gg-9tf-dy9,72,0.03254134,Urban
222-222@8gf-rnz-28v,72,0.27962795,Urban
zzy-222@8gf-dsq-hkf,56,0.21192136,Urban
229-222@8gg-byw-p5f,81,-0.19152977,Urban
223-222@8gf-fw3-bzf,44,-0.06647279,Urban
222-222@63g-2c6-6ff,44,-0.047668956,Urban
222-222@63g-2gj-vs5,44,0.01613838,Rural
222-222@8gf-fnw-wff,51,-0.016864076,Urban
227-223@8gb-kft-c3q,53,-0.23186275,Rural
222-222@8gg-628-7kf,62,0.26906398,Urban
zzw-222@8gg-3fy-389,71,-0.07430515,Urban
222-222@8gg-78k-8jv,44,0.25568014,Rural
zzy-222@8gf-drr-92k,53,-0.17753027,Urban
zzw-223@8gg-d52-5vf,53,-0.17480469,Urban
222-223@8gg-7m6-xdv,71,0.09432679,Rural
zzy-222@63g-2c9-btv,23,-0.117106795,Urban
224-222@8gg-tjw-8sq,44,-0.04500634,Urban
zzw-222@8gf-hrh-grk,44,0.08572686,Urban
zzw-223@8gg-3dr-wrk,44,-0.05015455,Urban
22n-222@8gf-dnb-t9z,44,0.08211457,Urban
222-223@8gg-b82-yy9,44,0.06522462,Urban
zzw-224@647-3q2-cwk,45,-0.047399223,Urban
222-222@63g-2b4-7qz,53,0.19644947,Urban
zzz-222@8gf-btw-jjv,71,0.17991869,Urban
zzz-223@8gf-dst-hdv,71,0.24783732,Urban
zzw-222@63f-kw4-5xq,71,-0.12747967,Urban
224-222@63g-5td-t9z,72,-0.019834006,Urban
zzw-222@8gf-fvg-5fz,92,0.3304248,Urban
zzy-222@8gf-rnp-5cq,56,-0.039965954,Urban
zzw-222@8gf-fxk-pd9,44,0.2841269,Urban
zzy-222@63g-2ff-85f,44,0.19400959,Rural
223-222@8gg-s5v-tvz,44,-0.045810316,Urban
223-222@8gg-3dq-26k,53,0.29234266,Urban
zzy-224@8gf-th3-rtv,61,0.24644485,Urban
zzw-222@8gf-q8m-zj9,71,-0.015898263,Rural
zzy-222@8gf-dst-bff,48,0.040994342,Urban
222-224@8gf-dnb-qs5,44,0.024011943,Urban
222-223@8gf-ds6-6p9,44,0.105929635,Urban
222-223@8gg-9tq-ffz,44,-0.16371779,Urban
22d-222@647-5hn-f4v,53,-0.20762582,Urban
223-222@63f-kvn-xqz,62,-0.20227318,Urban
22g-222@8gf-fnb-3bk,62,0.24821623,Urban
222-222@63g-2dx-rhq,71,0.15953226,Urban
228-222@63f-kv5-yd9,44,0.32287616,Urban
zzw-222@647-3mw-xyv,61,0.19218688,Urban
229-224@8gf-dnh-75z,62,0.15497395,Urban
223-222@8gg-tkb-cqz,62,0.28988218,Urban
zzy-222@8gf-dqf-c89,71,0.22510394,Urban
222-222@8gf-hpk-gff,72,0.010338278,Urban
222-222@8gf-dn5-v75,72,0.068237334,Urban
zzy-224@647-3pj-qxq,56,0.230059,Urban
227-227@63f-ktm-5fz,44,-0.06731723,Urban
223-222@8gg-d67-psq,44,0.22346601,Urban
225-222@8gf-dq6-mhq,51,0.013293805,Urban
zzz-222@63f-kvq-3bk,71,0.10026193,Urban
zzw-222@8gg-b94-bhq,71,0.29446796,Rural
zzz-222@8gg-3gv-ndv,71,0.22960417,Urban
244-222@647-5bj-rkz,81,0.2760066,Urban
222-222@8gf-r5q-j5f,44,0.09981141,Urban
zzw-223@8gf-r7v-5s5,44,0.07885927,Urban
223-222@8gg-bwx-4y9,45,-0.13908118,Urban
zzw-223@63g-2d2-wrk,53,0.039578483,Urban
zzw-222@647-3qc-h3q,61,0.35098892,Urban
225-222@8gf-dps-49z,62,-0.014208172,Urban
zzz-222@8gf-dt6-ct9,71,0.20765206,Rural
zzz-222@8gg-3k7-z75,71,0.3677811,Urban
zzy-222@63f-kvh-9j9,71,0.017759424,Urban
222-222@8gf-dsq-4gk,72,0.16458899,Urban
22n-222@8gg-d6h-yn5,44,0.20032951,Urban
zzy-224@8gg-3jx-dd9,51,-0.15579066,Urban
223-222@8g9-npd-94v,44,0.24123383,Urban
zzw-224@8gf-bmh-pd9,53,-0.08817639,Urban
zzw-222@63f-kkd-6zf,61,0.2929787,Urban
zzw-222@8gg-bz6-2kz,61,0.3328905,Rural
zzw-222@8gf-dsq-47q,71,0.25844213,Urban
zzw-223@8gf-fw7-66k,72,0.012978388,Urban
222-222@8gg-9cv-mx5,72,-0.06520472,Rural
222-222@8gg-tkd-87q,44,0.2274599,Urban
226-222@8gf-dqf-8d9,53,-0.05068107,Urban
222-224@63k-yfg-vxq,53,-0.15666912,Rural
zzy-222@8gg-3jd-z9f,71,0.07129248,Urban
225-222@8gg-3m9-8n5,72,0.24940872,Urban
224-222@647-5hw-mkz,54,0.041251242,Urban
zzw-222@63g-486-nnq,42,0.08955315,Urban
224-222@8gf-dv5-5cq,44,0.17010373,Urban
zzw-222@8gf-hpj-p9z,44,0.011375983,Urban
zzw-222@8gg-3jh-ct9,53,-0.24167122,Urban
223-224@63f-m3m-wzf,53,0.31816864,Urban
zzy-222@8g9-n5b-8qf,53,-0.12734641,Urban
zzw-222@8gg-9tq-5mk,53,-0.070958264,Urban
zzy-222@8gf-fmb-nyv,71,0.06297253,Rural
zzw-222@8g9-hqx-g49,72,0.04486766,Urban
zzy-222@8gg-b2f-v9f,44,-0.092475355,Rural
zzw-223@8gf-bw8-b6k,44,0.0058544623,Urban
zzy-222@8gg-3jz-9vf,44,0.1580686,Urban
222-222@8gf-rx6-7kf,53,0.07467732,Urban
222-222@8gf-tjm-j7q,53,-0.24116725,Urban
zzw-228@8gf-dfj-jn5,53,0.046797153,Urban
zzz-222@63f-kkm-ct9,71,0.04286592,Urban
zzw-222@8gg-34p-h5z,71,-0.07172321,Urban
zzy-222@8gg-tgv-mkz,81,0.21062236,Rural
222-222@8gg-3kb-59f,44,-0.10018032,Urban
zzy-222@63f-kvq-n5z,44,0.077171154,Urban
228-222@647-36k-ks5,44,0.008395535,Urban
zzy-222@63f-ktm-5fz,53,-0.057349715,Urban
zzy-222@8gg-d6v-c5z,53,-0.13757348,Urban
zzw-222@63g-2f2-2kz,61,0.37567276,Urban
223-222@63f-kkw-3bk,71,0.23744328,Urban
zzw-222@63f-kvg-8d9,72,0.0754225,Urban
222-222@8gf-qfm-ysq,72,0.048135396,Urban
zzy-224@8gf-dss-wc5,56,0.1779776,Urban
224-224@8gg-2yk-hyv,44,-0.06357194,Urban
zzy-223@8gg-b2w-4qf,52,0.19434184,Rural
zzw-23x@8gf-dnh-2hq,53,0.0018854213,Urban
zzw-222@8gg-2z8-zxq,53,-0.14537393,Urban
zzw-222@8gg-ct6-skf,61,0.002014225,Urban
222-22h@8gf-fnh-5xq,62,0.18610904,Urban
zzy-223@63f-m3h-d5f,62,0.018682841,Urban
222-225@8gg-d6v-h89,62,0.19150147,Urban
zzy-222@8gg-bgs-dqf,81,0.052553546,Urban
222-222@8gg-c9p-2rk,44,0.29531994,Urban
222-224@8g9-hr5-hwk,44,0.111465044,Rural
zzw-222@8gf-dsc-hnq,61,0.25810173,Urban
227-222@8gf-dps-sdv,62,0.11073342,Urban
zzz-222@8gg-3mb-vs5,71,-0.0020522566,Urban
zzw-222@8gg-3dq-yjv,71,0.17029871,Urban
223-222@63f-m2z-ct9,72,0.18665612,Urban
222-222@647-3nd-fpv,72,-0.2548257,Urban
222-222@8gf-sn2-yd9,61,0.32581925,Rural
zzw-223@63f-kv8-r6k,44,0.4604988,Urban
zzw-223@8gf-drj-9fz,53,-0.113595545,Urban
226-223@8gg-ctq-fs5,53,0.09075522,Urban
222-222@647-4zy-52k,61,0.27778825,Urban
236-222@8gg-3fz-zfz,72,0.030310277,Urban
223-222@63g-2h6-zxq,72,-0.20639321,Urban
zzy-224@8gf-dnb-t9z,44,0.07205405,Urban
zzw-223@8gf-rn8-vs5,44,-0.072557986,Urban
223-222@8gf-rny-3nq,45,0.07175934,Urban
zzy-223@8gf-fkh-92k,53,-0.15697609,Urban
222-224@63f-kv6-2c5,53,0.12028541,Urban
zzw-222@8gf-pgt-7wk,53,-0.017507741,Urban
222-224@8gf-r5g-zmk,71,0.38280228,Urban
zzz-222@63f-kjp-s5z,71,0.24935018,Urban
222-225@8gg-3mp-hh5,72,0.2444127,Urban
zzy-222@8gg-bk3-9j9,81,-0.053088102,Rural
32q8-223@63f-kkx-87q,81,0.046205014,Urban
224-222@63f-kvq-d7q,44,-0.124851055,Urban
zzw-222@8gf-rns-hkf,61,0.22760649,Urban
p2d-222@8gf-qfp-w49,62,0.22902602,Urban
222-222@63f-ksv-5xq,71,-0.021259397,Urban
223-222@8gg-9cv-q4v,72,0.0037084927,Rural
222-222@8gf-fy2-gc5,81,0.16304158,Urban
224-223@8gf-dqr-hbk,44,-0.18756181,Urban
222-222@8gg-3h9-vpv,44,-0.0396094,Urban
zzw-222@8gf-pxb-bzf,53,0.030117122,Urban
222-222@8gf-fwg-t5f,61,0.2462044,Rural
222-22g@8gg-3gv-grk,62,0.15378374,Urban
222-223@8gf-r7r-psq,62,-0.2179045,Urban
zzy-222@8gg-3kf-c5z,71,0.0862474,Urban
222-222@63f-kvk-y35,72,-0.20693839,Urban
zzy-222@647-52m-3t9,81,0.12197324,Urban
222-223@8gf-dtg-d35,44,0.07968241,Urban
zzw-222@8gg-9tp-vmk,44,-0.10392169,Urban
zzw-222@63f-kvx-dgk,53,0.102285355,Urban
224-222@8gf-dsg-vs5,53,-0.053766873,Urban
zzy-225@8gf-rtt-tn5,53,0.19917147,Urban
222-222@8gf-dt5-389,71,-0.1012111,Urban
222-226@8gg-bgw-yd9,72,0.2228529,Urban
222-222@8gg-rpx-s89,54,-0.026500652,Rural
zzw-225@8gf-hpj-p9z,44,0.17400545,Urban
zzw-222@63g-5tf-7nq,44,-0.14769447,Urban
zzw-222@8gf-pyw-j7q,44,0.023440396,Urban
226-222@8gf-dnx-7wk,53,-0.07525078,Urban
222-222@8gf-dpf-pqf,53,-0.21606474,Urban
zzy-222@8gg-thk-y9z,53,-0.0012786749,Urban
222-224@63f-kfn-jqf,56,-0.18893823,Urban
222-223@647-3pm-bkz,61,0.23073973,Urban
224-223@647-3qc-wff,72,0.1454779,Urban
zzy-224@8gg-rpd-nqz,72,0.010688803,Rural
zzy-222@8g9-n9h-d9z,81,-0.24372178,Rural
222-222@63f-kvz-8y9,44,-0.29478934,Urban
226-222@63f-kss-pvz,44,0.3464538,Urban
zzy-224@8gf-dfm-rhq,44,0.0870143,Urban
222-223@8gf-fwb-6tv,45,-0.08165341,Urban
zzy-225@8g9-nfb-33q,45,-0.04714155,Rural
zzw-222@8gf-ddn-dsq,61,0.2554068,Urban
zzw-223@8gf-bmb-z75,62,0.22151713,Urban
zzy-224@647-3nd-fzz,72,0.15421079,Urban
22x-222@63g-2dz-whq,44,-0.19491777,Urban
zzy-222@8gf-fmv-sdv,56,-0.15312634,Urban
zzw-222@8gg-34m-w49,44,-0.06719921,Urban
224-222@8gf-r5g-7nq,44,0.037110697,Urban
223-222@8gf-fw6-ndv,44,-0.033142745,Urban
zzw-223@8gf-dnj-xqz,44,0.27654916,Urban
zzw-222@8gf-hgg-q4v,44,0.08546244,Rural
zzw-222@8gf-dq6-5pv,44,0.023963248,Urban
zzw-224@63f-kvr-c89,45,0.042163976,Urban
222-224@8gf-rw4-nwk,53,0.09981746,Urban
zzw-222@8gf-bwk-fs5,53,-0.026311621,Urban
zzz-222@8gg-9fb-x89,71,-0.072646804,Rural
zzy-222@8g9-hq2-94v,72,-0.057743818,Rural
zzy-222@8gg-3kw-jsq,72,0.14841105,Urban
zzy-222@8gg-cs8-bc5,81,-0.0787549,Urban
zzy-222@647-3mt-s5z,44,-0.32700846,Urban
zzw-223@8gf-frs-8qf,44,0.1412754,Rural
zzw-222@647-5gy-zcq,45,-0.052115183,Urban
224-223@8gf-r58-xdv,53,0.15108085,Urban
zzw-222@63g-5m8-gtv,53,-0.116786495,Urban
222-223@8gf-rhw-s3q,61,0.48155236,Rural
zzw-222@8gf-fms-bhq,71,0.08505891,Rural
zzy-223@8gf-dqr-jgk,72,0.07992393,Urban
zzy-222@8gf-fkg-rrk,72,-0.12971969,Urban
zzy-222@8gg-62c-xyv,72,0.19961525,Urban
zzw-226@8gg-9sm-v2k,92,0.31877297,Urban
225-222@8gf-bqs-wkz,81,0.13449502,Urban
222-226@8gf-th5-snq,44,0.03417903,Urban
zzw-222@8gg-9r5-mc5,44,-0.18421009,Urban
223-223@8g9-nnq-4n5,44,0.23958051,Rural
223-222@63g-2ch-9j9,44,0.21029727,Urban
222-222@8gg-cts-qvf,53,0.09283969,Urban
zzw-22c@8gf-dqc-8vz,53,-0.18662938,Urban
222-222@8gg-9fh-ch5,61,0.27989158,Rural
zzw-222@8gf-fxt-h3q,62,0.23242898,Urban
222-223@8gf-fnm-35z,71,-0.09779584,Urban
zzw-222@8gg-d6v-fxq,72,0.003935135,Urban
222-222@8gf-fwb-hyv,72,-0.0016410567,Urban
223-222@8gf-q72-hbk,72,0.22914955,Rural
zzw-222@63f-kvq-fxq,61,0.29408687,Urban
222-222@8gf-rxs-nyv,62,0.019536141,Urban
223-222@8gg-c9n-yn5,72,-0.0472182,Urban
226-226@8gf-dt2-st9,62,0.49182048,Urban
zzw-222@8gg-c9m-b49,44,-0.06474531,Urban
222-222@8gf-rw3-6rk,44,0.17584339,Urban
zzy-225@647-3mv-gtv,48,0.10646976,Urban
zzw-222@8gf-dsh-3t9,53,-0.06166978,Urban
zzw-222@647-5jh-t7q,53,-0.106228665,Urban
222-223@8gg-628-ht9,44,0.32295337,Urban
zzw-222@8gg-cvc-sdv,44,-0.10504862,Urban
222-222@63f-kjz-tvz,44,0.31030002,Urban
zzw-229@8gf-rw2-7kf,53,0.2722743,Urban
22k-222@8gg-s5v-sbk,53,0.20355791,Urban
222-222@8gf-px9-m8v,61,0.2117319,Urban
22f-225@8gf-dpd-bhq,62,0.3106117,Urban
zzz-222@8gf-r7r-rff,71,-0.11016729,Urban
zzy-222@8gf-dpr-t7q,71,-0.19407432,Urban
23d-222@647-5hx-dy9,72,-0.112563044,Urban
222-222@8gf-qfm-tn5,44,-0.12793492,Urban
222-224@63g-2bz-kcq,53,-0.048274416,Urban
zzw-222@647-3mw-3qz,53,0.07868722,Urban
226-222@647-3qm-c5z,53,0.039842453,Urban
zzy-229@8gf-ds2-xnq,53,-0.035539668,Urban
222-222@8gg-d8p-dqf,61,0.2399428,Urban
zzz-222@8gf-r7r-z9f,71,0.0093174055,Urban
zzy-222@8gf-rx4-4jv,71,0.09174062,Urban
zzy-222@63f-ksq-yjv,72,0.018279105,Urban
228-222@8gf-dq6-5vf,72,-0.14271297,Urban
222-222@8gg-cwk-j5f,44,0.051165726,Urban
225-222@63f-hqz-xh5,52,0.15612428,Urban
zzy-222@647-5hw-2kz,53,-0.2681796,Urban
zzw-222@8gg-974-2c5,53,-0.100141175,Urban
22c-222@8gg-3gm-ckf,62,-0.02067576,Urban
zzz-222@63f-kkf-h3q,71,0.18125696,Urban
222-222@647-3ns-xyv,44,0.046097025,Urban
zzy-222@63g-5m5-4qf,44,-0.009195483,Urban
zzw-223@8gf-fnr-bff,62,0.22651352,Urban
zzw-222@8gf-drv-x89,72,0.052424945,Urban
222-222@8gf-drj-249,81,0.08258634,Urban
222-222@8gf-qfm-c3q,44,-0.045675263,Urban
223-222@63g-2hy-djv,44,0.11094869,Urban
zzw-222@8gg-3dp-nh5,53,-0.21593757,Urban
zzy-222@8gg-3g9-vmk,53,0.03338712,Urban
222-222@63f-m3q-d35,72,0.0659006,Urban
zzw-222@8gg-tjj-6tv,81,-0.043403517,Urban
222-224@8gf-rnb-qzz,44,-0.050780408,Urban
zzy-222@8gg-69n-kpv,44,0.0033309748,Rural
zzw-223@8gg-62d-x89,44,-0.10409955,Urban
223-224@8gb-ns9-qj9,44,0.28401622,Rural
zzw-222@8gg-thk-r8v,44,-0.07241418,Urban
zzw-227@8gf-dnh-4vz,44,0.042355374,Urban
223-222@647-5hw-m8v,45,-0.043538295,Urban
22k-223@647-5hw-y9z,53,-0.06558833,Urban
zzw-222@8gf-dsm-mx5,53,-0.0156546,Urban
zzy-222@8gf-fxp-vpv,53,0.26302174,Urban
222-223@8gg-d72-tsq,61,0.4259168,Urban
222-222@8gf-qds-835,72,-0.16822617,Rural
zzw-223@8gg-th6-m6k,72,0.06023886,Urban
zzw-222@8g9-hqr-3dv,81,-0.0020579714,Rural
zzy-222@8gf-dnm-gff,56,0.05904406,Urban
222-222@63g-2vv-2hq,44,0.090486676,Rural
zzw-222@8gg-thv-f4v,45,0.06790435,Urban
zzw-225@63f-m38-y7q,53,-0.21060267,Urban
222-222@8gf-dsz-wp9,53,0.0039039596,Urban
zzy-224@8gg-dh4-9cq,56,0.011957125,Rural
zzw-222@8gf-r58-3wk,71,0.1821871,Urban
zzz-222@647-5jq-9mk,71,0.19035028,Urban
222-222@8gg-3hv-wtv,72,-0.020175876,Urban
222-222@63f-m3r-d9z,44,-0.18770872,Urban
223-222@8gf-dty-zpv,44,0.14195162,Urban
222-223@63g-25c-djv,44,-0.13279796,Urban
zzw-223@8gf-fng-qcq,53,-0.051875178,Urban
zzw-222@8gg-9k3-zmk,61,0.18181047,Rural
222-222@8gg-3jd-nbk,71,0.09402203,Urban
223-223@8gg-34m-z9f,44,-0.18874753,Urban
222-227@63g-489-p5f,56,0.13440037,Urban
zzy-222@647-362-8sq,81,0.1527182,Urban
222-222@63f-kn4-py9,44,0.14074369,Urban
222-222@63g-5t2-8d9,44,0.04481039,Urban
226-222@63f-kkb-c89,53,-0.00807674,Urban
223-222@8gf-dt2-x89,61,0.3524472,Urban
222-222@8gf-px8-249,62,0.24705945,Rural
222-222@63f-vf4-rff,71,0.23353225,Urban
222-222@8gf-rsc-vpv,72,0.0011527899,Urban
226-222@8gf-hrh-btv,72,0.036257643,Urban
223-222@63g-5m8-brk,72,-0.089424156,Urban
226-222@8gf-fwb-jn5,44,-0.26249194,Urban
zzw-222@8gf-bwg-hyv,44,0.19144735,Rural
zzw-222@647-5h8-47q,53,-0.00032653232,Urban
zzw-222@63g-47v-sbk,61,0.50117725,Urban
zzy-222@63f-km3-py9,72,0.10567562,Urban
223-222@8gf-dsm-mkz,72,-0.004656069,Urban
22c-222@63g-5tq-yvz,72,-0.03422526,Urban
222-222@8gg-3m9-9pv,72,0.20950677,Urban
zzy-222@8gg-3k6-zpv,81,0.011045781,Urban
zzw-222@63k-ywn-s89,92,0.3105817,Rural
224-226@8gg-3g9-dy9,44,0.13873689,Urban
225-223@8gf-fxr-yvz,61,0.36914858,Urban
zzw-225@8gf-dsf-pgk,62,0.1134701,Urban
222-222@63f-kkv-6p9,71,0.12111915,Urban
zzw-222@8gf-r72-3yv,44,-0.22878356,Urban
zzy-22b@63k-ycw-yvz,44,-0.09205103,Rural
222-222@8gg-tkk-vvf,44,0.23244035,Urban
zzw-223@8gg-62d-whq,53,0.011475729,Urban
zzy-222@63f-kjp-k4v,61,0.092658006,Urban
zzw-222@8gf-r5f-yn5,62,0.20874915,Urban
zzw-222@8gf-d7z-mc5,71,-0.017236203,Urban
zzy-222@647-5js-mc5,72,0.15862812,Urban
zzy-222@8gf-qwm-b6k,23,0.029763691,Rural
222-224@8gf-rxz-t7q,44,-0.038770553,Urban
222-229@647-5dx-v75,44,0.05190554,Urban
222-222@63g-487-hnq,44,0.14131835,Urban
zzy-222@8gg-bzg-dqf,52,0.037814558,Rural
zzw-223@8gg-3dx-8sq,53,0.16310295,Urban
zzw-224@8gg-bh3-249,53,-0.17347112,Urban
zzy-223@8gf-dst-ks5,55,0.10372051,Urban
zzw-222@8gf-dq2-d35,61,0.18244055,Urban
zzw-223@647-3qb-cqz,61,0.17380726,Urban
22j-222@8gg-3gv-k75,62,0.17665249,Urban
zzw-222@8g9-hpv-h3q,71,-0.09898804,Urban
223-222@8gg-tcr-6zf,72,-0.06033598,Rural
zzw-223@8gg-3m9-9pv,72,-0.12639034,Urban
zzw-222@8gf-fnr-9xq,44,0.041030068,Urban
223-223@63g-47x-5s5,44,0.18946952,Rural
222-223@8gg-3mq-qs5,51,0.14760774,Urban
zzw-223@63g-5td-w8v,53,-0.019560453,Urban
222-222@8gf-cy5-k2k,61,0.13466296,Rural
223-222@8gb-krq-j35,61,0.034047235,Rural
222-222@8g9-nnq-5s5,61,0.33111465,Rural
zzy-222@63f-ksx-fcq,62,0.16021729,Urban
222-223@63f-kfn-gx5,62,-0.01954734,Urban
zzz-222@63f-kkn-wtv,71,0.40923518,Urban
zzw-222@63g-2h6-qvf,71,0.12065405,Urban
223-223@8gf-dsv-mtv,72,0.111810945,Urban
zzy-223@63k-ycw-w8v,44,-0.019356001,Rural
zzw-229@63g-489-yn5,53,-0.02716232,Urban
222-222@8gg-628-mhq,61,0.33657518,Urban
zzy-222@63f-kgh-qmk,71,0.21580282,Urban
222-222@647-5gy-zj9,72,-0.06957966,Urban
zzw-222@63f-knc-2p9,72,0.18929285,Urban
222-222@647-3mq-yn5,92,0.22210735,Urban
zzy-222@8gg-d8w-bx5,56,0.10338006,Urban
zzy-222@63g-2h6-cqz,44,-0.01975118,Urban
24g-222@63f-kvg-8n5,44,-0.03958273,Urban
zzw-224@8gf-hpj-p9z,53,0.047682147,Urban
22t-223@8gf-ds9-kpv,53,0.069170706,Urban
222-222@8gg-3f5-q75,53,0.002288103,Urban
zzw-222@8gf-qx3-h5z,53,-0.18196133,Rural
zzy-222@8gf-g5y-4n5,54,0.085281886,Urban
zzw-222@8gf-dfr-f2k,61,0.07786059,Urban
zzz-222@8gg-3j5-gx5,71,0.12513421,Urban
222-223@63f-kvf-wff,72,0.2479555,Urban
222-222@63f-kjk-jgk,72,0.19108133,Urban
223-222@63f-kr6-8n5,44,-0.27121967,Urban
zzw-223@63f-m3p-fpv,44,-0.34391585,Urban
zzw-222@8gg-csz-9fz,44,-0.060945526,Urban
22c-223@8gf-ddq-nyv,53,0.10468081,Urban
zzw-222@8gg-th9-vpv,61,0.29328206,Urban
zzw-222@8gf-fnx-ks5,62,-0.16126043,Urban
zzy-222@8gg-3fn-dd9,71,0.2163892,Urban
zzw-222@8gf-r5g-rtv,72,0.0757352,Urban
zzw-222@8gf-fwb-hyv,72,0.060257256,Urban
zzy-22n@8gf-dps-tgk,81,0.30089584,Urban
222-222@8gf-fp2-fxq,44,0.12292638,Rural
zzy-222@8gf-qhh-gzf,44,-0.1668051,Rural
zzw-222@8gg-d67-q75,53,0.31486,Urban
zzw-224@8gf-dpf-r8v,53,-0.13515003,Urban
zzw-222@647-3gk-gx5,53,-0.2153937,Urban
228-222@8gg-thk-rx5,53,-0.2748934,Urban
zzw-222@8gg-8zv-jsq,61,0.19433792,Rural
224-222@63f-hqq-rp9,62,0.18743654,Urban
zzw-222@8gg-wff-dy9,62,0.36825928,Rural
zzz-222@8gg-9tb-vvf,71,0.0004005071,Urban
zzy-222@647-5h2-59f,81,0.08440081,Urban
zzw-222@8gf-rx4-4n5,44,-0.021142274,Urban
222-224@63f-kst-b8v,44,-0.023195617,Urban
zzw-22d@8gf-dqc-8vz,44,0.008532957,Urban
222-22b@63f-kjz-kmk,53,0.024826845,Urban
zzw-222@647-3qk-btv,61,0.15222588,Urban
223-222@647-5hv-t5f,72,0.16485561,Urban
zzy-223@647-5g7-wp9,44,0.23384123,Urban
222-222@8gg-d8w-qpv,44,0.22366579,Urban
zzw-222@8gg-3f7-9mk,53,-0.022987872,Urban
222-223@8gf-ds6-nkf,61,-0.13313256,Urban
222-225@8gf-dsz-ygk,62,0.12971412,Urban
zzy-224@647-3ms-jn5,72,0.19511071,Urban
zzy-227@8gf-rk9-w6k,81,0.19784045,Urban
zzw-222@8g9-n5b-djv,44,0.046791088,Urban
zzy-222@647-5hm-rrk,53,-0.27335897,Urban
224-223@8gf-dq5-v75,53,0.12198442,Urban
zzy-222@63g-4nt-mff,53,-0.08333677,Rural
zzw-222@8gg-9tq-hnq,72,0.0216414,Urban
222-222@63f-kv7-4vz,72,0.034491878,Urban
zzw-222@8gf-dn8-75z,81,-0.017532349,Urban
zzw-222@63f-vf2-975,61,0.19936803,Urban
zzw-225@63f-m33-28v,62,0.2952572,Urban
zzw-222@63f-ktw-kvf,71,0.042767856,Urban
227-223@63g-5tn-kxq,44,0.12746295,Urban
223-223@8gg-9sn-9vf,44,0.05126499,Urban
zzw-222@8gf-g6f-kj9,44,-0.0054546124,Urban
zzw-222@8gf-rn8-mx5,44,0.03587199,Urban
zzw-222@63g-26q-3nq,44,0.34643045,Rural
zzw-222@8gg-bz6-q2k,61,0.19844912,Rural
222-222@647-3qh-cbk,71,0.098696835,Urban
zzy-222@8gf-dt7-9s5,72,0.039790675,Urban
222-222@63g-2cz-td9,72,-0.06663101,Urban
zzw-222@8gf-r67-p5f,72,-0.02400891,Urban
zzy-222@8gg-346-fpv,62,0.18197699,Urban
zzy-222@8gf-hrc-6rk,44,0.05250836,Rural
222-223@8gg-bc6-sbk,44,0.050505508,Urban
222-222@63g-2jr-fxq,44,0.15067746,Rural
222-222@8gg-9tm-9fz,44,-0.026369499,Urban
zzy-224@8gf-g6n-btv,44,0.13377738,Urban
222-223@8gf-fw9-mtv,45,-0.13605289,Urban
zzy-222@8gf-fxr-h5z,45,0.20941128,Urban
229-222@8gf-fkq-nbk,53,0.20154692,Urban
zzw-222@8gg-d6k-4y9,61,0.22582173,Urban
zzw-222@8gg-3jx-bhq,71,-0.0074598067,Urban
222-222@8gf-dss-2x5,72,0.064505175,Urban
222-222@8gf-r5b-qs5,72,-0.07739174,Urban
22d-222@63f-kvk-xt9,72,0.26186857,Urban
222-222@63k-ywn-s89,92,0.114530765,Rural
222-227@8gf-dt2-st9,62,0.2778979,Urban
zzw-223@8gf-fkg-9xq,44,0.069666855,Urban
zzw-223@63f-m3q-gtv,44,-0.22092544,Urban
zzw-222@8gg-9tq-j7q,53,-0.114472084,Urban
222-227@8gg-628-7kf,62,0.06487739,Urban
zzw-223@63k-ywn-vfz,62,0.34521455,Rural
zzy-222@8gf-djq-ygk,71,0.0032198285,Rural
zzw-222@8gg-d7n-td9,71,0.0058150147,Urban
222-225@8gf-dst-gff,72,0.08895409,Urban
222-222@8gg-ctr-yvz,72,0.011456236,Urban
225-222@8gf-th3-575,54,-0.085026264,Rural
222-222@8gf-rkc-bhq,81,0.17679036,Urban
zzw-222@8gg-3m9-5xq,44,-0.043939177,Urban
222-222@8gf-tg5-tsq,44,-0.05193209,Urban
224-223@8g9-np7-cbk,44,0.14245488,Rural
224-223@647-3mw-3t9,53,0.009898432,Urban
223-223@8gg-3m5-r49,53,-0.04044698,Urban
zzy-222@8gf-m87-q75,54,0.2160966,Rural
zzw-222@63g-5k7-r49,61,0.2797654,Urban
zzz-222@8gg-3qn-yqf,71,0.29653502,Urban
223-222@63g-2cc-x5z,71,0.11927574,Urban
222-222@647-5h8-3t9,72,-0.09359875,Urban
zzy-222@8gg-3q6-jgk,56,0.007468108,Urban
zzy-222@8gg-tjw-mff,44,-0.015735026,Urban
223-225@8gg-d8w-f75,53,0.1658302,Urban
zzy-222@8gf-hrr-y9z,61,0.18218228,Urban
zzw-226@8gf-dpd-p9z,62,0.18970105,Urban
23d-222@8gf-dt2-st9,62,0.24567235,Urban
zzz-222@8gf-dry-7bk,71,0.14450628,Urban
222-222@63g-28h-ffz,72,-0.07914577,Urban
zzy-223@63f-km3-v2k,44,0.103887215,Urban
zzw-222@647-5fx-n3q,44,0.04186465,Urban
222-223@8gg-3h8-ckf,45,-0.10148745,Urban
zzy-222@8gf-fxv-swk,53,0.2876786,Urban
zzw-222@647-3gs-59f,61,0.22481853,Urban
zzw-223@8gf-g5x-wff,61,0.27359343,Urban
223-222@8gf-ds6-nwk,61,0.25512224,Urban
223-222@8gf-dpv-975,72,-0.25725293,Urban
zzy-222@647-373-8sq,81,0.29722643,Urban
222-222@8gf-swy-5zz,44,-0.18895686,Rural
223-225@8gg-3g9-h3q,53,0.18023473,Urban
zzw-222@8gf-r59-x89,61,0.3111096,Urban
zzy-222@8gg-9sq-kfz,71,0.31846148,Urban
222-224@8gf-fjx-6zf,44,0.01119501,Urban
222-222@8gf-rqp-sh5,44,0.010415558,Rural
zzw-222@8gg-254-5vf,53,-0.19211553,Urban
222-224@63g-5m9-cbk,53,0.0009777113,Urban
222-222@63f-m28-435,53,0.063934825,Urban
zzw-223@8gg-3jg-2hq,61,0.1699717,Urban
zzy-222@8gf-r7q-fs5,62,0.137391,Urban
226-222@8gf-fg5-ysq,44,0.20744567,Urban
222-222@8gf-dt7-b49,44,0.08174997,Urban
zzy-222@8gg-ctx-g8v,44,0.12542051,Urban
zzw-222@8gf-ddx-9zz,45,-0.12644212,Urban
zzw-222@63g-2bw-vs5,45,-0.16722761,Urban
zzw-222@8gf-qfn-5cq,53,-0.04295219,Urban
222-222@647-3ph-fvf,71,0.19285253,Urban
222-222@8gg-3mh-zpv,72,-0.09603682,Urban
222-222@63f-ksy-9cq,23,0.14593604,Urban
zzy-223@8gf-r67-qvf,44,-0.2616847,Urban
222-222@8gg-3dq-cyv,53,0.33170635,Urban
zzz-222@63f-m3p-xkf,71,0.04871906,Urban
zzw-222@8gg-9tq-fmk,72,-0.15436979,Urban
zzw-225@8gf-dst-kj9,72,0.1578709,Urban
zzy-223@647-3qj-9pv,81,-0.025101742,Urban
222-224@8gf-fwn-nyv,44,-0.009909789,Urban
222-223@8gg-d6v-djv,44,0.032885566,Urban
226-223@63g-5m8-qvf,45,-0.027977448,Urban
222-223@8gg-959-snq,71,-0.0042384537,Urban
222-224@8gf-dq8-x3q,72,0.036337882,Urban
22c-222@8g9-njw-47q,72,-0.31563884,Rural
222-226@647-35y-zj9,72,-0.033999044,Urban
zzy-222@8gg-62h-py9,72,0.038007397,Urban
228-222@8gg-3jt-j5f,72,0.047543824,Urban
zzy-222@8gf-qy4-c89,81,-0.008117726,Rural
zzy-222@8gg-65g-xbk,44,0.07717943,Rural
zzw-224@8gf-g5j-zcq,53,0.078547694,Urban
226-222@8gf-g32-5vf,53,0.21084778,Urban
zzw-224@8gf-dsd-c89,62,0.13569029,Urban
zzz-222@8gg-3gn-nwk,71,0.06441723,Urban
zzz-222@8gf-dsh-hyv,71,0.11180942,Urban
22m-222@63f-ktt-8sq,71,0.35509256,Urban
222-222@8gf-g6s-3nq,72,0.18706223,Urban
zzw-222@8gf-fkq-tqf,72,0.10904627,Urban
zzy-222@8gf-dv5-c89,11,0.15489921,Urban
zzy-228@8gg-wr8-xqz,44,0.17136525,Rural
223-222@8gf-fvc-wrk,44,0.07946462,Urban
224-223@647-3py-zpv,44,0.38949165,Urban
223-224@8gg-9sp-kmk,62,0.19491634,Urban
zzz-222@63g-29x-bhq,71,0.18738252,Urban
zzz-222@8gf-dqf-rx5,71,0.18180601,Urban
zzz-222@63g-5sz-qzz,71,0.2272018,Urban
zzy-223@8gg-3h8-dgk,72,-0.17769334,Urban
zzw-222@647-364-249,44,-0.22183937,Urban
zzw-222@647-5hp-m8v,53,-0.24256814,Urban
225-222@8g9-npd-t35,23,0.05989756,Urban
222-223@8gg-3jt-789,44,-0.116031274,Urban
zzw-222@8gf-cp7-bzf,44,-0.14735664,Rural
222-222@647-3q9-wzf,51,0.22712898,Urban
224-223@63f-hsj-mrk,53,0.46432516,Urban
zzw-222@8gg-cpy-8vz,61,0.28363368,Rural
222-222@647-3mv-975,61,0.25310764,Urban
222-222@8gf-dqr-fzz,62,0.17623067,Urban
zzz-222@8gg-3m9-3nq,71,0.2749859,Urban
zzw-222@8gf-tq9-6x5,72,0.08054138,Urban
222-222@63f-ktq-c89,44,-0.35021123,Urban
223-222@8gf-bvc-dn5,44,-0.16020703,Rural
222-224@8gf-fpj-mrk,44,-0.054407436,Rural
zzw-223@63f-kjp-k4v,45,0.10527909,Urban
zzw-222@8gg-3jt-fj9,51,0.16949666,Urban
225-223@8gf-r7t-mtv,53,0.08987071,Urban
223-224@8gg-9tn-3wk,53,-0.057899512,Urban
237-222@647-3qm-d9z,53,-0.082447805,Urban
zzw-228@63f-kn6-vvf,53,0.0114466855,Urban
222-222@8gf-dsh-94v,71,0.06646073,Urban
zzw-222@647-3pr-g6k,71,0.12679216,Urban
zzy-222@8gf-rns-5pv,23,0.09876891,Urban
226-229@647-5ds-qpv,81,0.011332339,Urban
222-222@8gf-rk4-6p9,44,-0.23560022,Urban
222-223@8gf-dt2-3kf,44,-0.052572872,Urban
zzw-222@8gf-tjn-xwk,44,-0.024123633,Rural
zzy-223@8gf-r5g-t35,71,0.13451211,Urban
zzy-222@63f-vd6-9pv,71,0.0018515803,Rural
zzw-222@8gg-3k2-x3q,72,0.05547759,Urban
222-222@63g-5js-py9,23,0.20664363,Urban
zzy-222@8gf-r79-td9,81,0.20179364,Urban
22c-222@647-5dt-w8v,81,0.107104994,Urban
222-222@8gf-r7s-zmk,44,-0.17941898,Urban
223-222@8gf-fkh-j35,44,-0.022807699,Urban
223-222@8g9-hyh-yn5,44,-0.102253556,Urban
222-222@8g9-hyh-z4v,44,-0.079696335,Urban
222-222@8gf-pxb-6kz,45,0.119884886,Urban
224-222@8gf-bkq-3nq,45,0.0769499,Urban
222-222@8gg-3jh-h5z,53,-0.09115633,Urban
zzw-226@63f-kfn-gzf,53,-0.21909052,Urban
zzw-222@8gf-fwb-hh5,53,-0.09417916,Urban
222-224@8gf-fkq-ffz,61,0.38962764,Urban
zzy-222@8gg-bgz-xh5,72,0.06828865,Urban
zzw-227@63f-hqz-4n5,44,0.24266452,Urban
222-222@8gg-3gd-yjv,44,0.27494404,Urban
zzw-223@63f-kv6-6p9,53,-0.066329546,Urban
238-222@647-5hx-dy9,62,0.013192108,Urban
222-222@8gg-627-fvf,44,0.113247484,Urban
222-222@8gf-mxf-d9z,44,-0.10178726,Rural
222-222@647-5jh-xkf,53,0.14085883,Urban
223-223@8gg-973-zfz,61,0.28201416,Urban
zzy-223@8g9-knx-mp9,61,-0.02965839,Rural
zzy-222@8gf-rnq-4d9,61,-0.004196745,Urban
zzw-222@63f-m27-wff,61,0.20769334,Urban
22h-222@8gg-3gv-g49,62,0.2885829,Urban
223-222@8gg-s5s-59f,72,-0.07632499,Urban
228-222@647-5dt-w8v,81,0.026951963,Urban
zzw-223@63f-kw5-btv,44,-0.23230879,Urban
225-222@8gg-bgs-dgk,44,0.057583064,Urban
222-222@8gg-6k6-94v,44,0.26017594,Rural
zzy-225@647-5dw-whq,48,0.15715139,Urban
zzw-222@63g-5ks-bff,61,-0.029756207,Urban
228-222@8g9-npd-85f,62,0.18952185,Urban
zzz-222@8gg-byz-yqf,71,0.009925094,Urban
zzw-22b@647-3qc-rkz,71,0.41805407,Urban
zzw-222@8gf-r5g-bp9,72,0.13998075,Urban
zzw-222@8gg-9tq-7wk,72,0.14686352,Urban
222-223@63f-m3f-fj9,81,-0.12640598,Urban
223-222@8gg-95h-s89,44,-0.17278297,Urban
zzy-225@8gf-qfp-v4v,44,-0.1258144,Rural
zzy-223@63f-m2p-w8v,44,0.14138074,Urban
222-223@8g9-j2d-bhq,44,-0.033473853,Rural
zzy-222@8gg-tsj-8gk,44,-0.024120996,Urban
zzw-222@8gg-3jh-2kz,44,0.096920244,Urban
224-222@8gf-dfk-dy9,45,0.15179677,Urban
223-222@647-5h8-k9f,51,-0.10633679,Urban
222-222@647-3ms-3t9,61,0.19177598,Urban
zzz-222@8gf-pgr-nnq,71,-0.0012803366,Urban
zzy-222@8gg-b4z-zvf,81,-0.094979756,Urban
222-223@8gf-dq5-68v,53,-0.07939697,Urban
22m-222@647-5dv-btv,53,-0.103938684,Urban
zzw-222@8gf-drn-47q,53,0.14802259,Urban
zzz-222@647-3n9-h5z,71,0.04010384,Urban
zzz-222@63f-kh8-75z,71,0.10565831,Urban
222-224@8gf-rns-6ff,71,0.014318474,Urban
zzw-223@8gf-dng-yvz,72,-0.17798872,Urban
222-222@8gg-3h7-ygk,72,0.014367038,Urban
zzy-224@8gf-dsy-tn5,44,-0.025264552,Urban
222-222@8gf-ddt-8n5,44,0.208048,Urban
222-223@8gf-cvz-vcq,44,0.041620653,Rural
222-223@8gg-3k2-wrk,44,0.18172345,Urban
222-222@8gg-3dw-575,44,0.2176957,Urban
227-223@647-5g2-mrk,53,0.09396602,Urban
zzw-222@8gf-th5-sqz,61,0.246302,Rural
zzy-223@8gf-px9-8n5,72,0.11096317,Urban
222-222@63f-kjy-hqz,72,-0.03162784,Urban
zzw-222@8g9-n9g-jjv,72,-0.0046623982,Rural
222-222@8gf-bkq-66k,44,0.04632592,Rural
222-222@63g-4p8-y9z,44,0.064398795,Rural
223-222@63f-kjs-j9z,44,0.114216335,Urban
222-223@63g-2bs-cbk,53,0.30371374,Urban
zzw-222@63g-2k2-3yv,71,0.051807866,Urban
zzy-222@8gg-wgp-fj9,71,0.2054919,Rural
222-222@8gg-3jz-yjv,72,-0.08322319,Urban
zzy-222@8gg-2z7-skf,56,0.3220439,Urban
zzy-222@8gg-3m5-t9z,56,0.08488213,Rural
zzw-223@8gf-bmd-bc5,62,0.21420242,Urban
223-223@8gg-95h-s89,72,-0.2131197,Urban
223-222@8gf-fpk-bkz,72,-0.10068538,Rural
zzy-222@8gf-g6n-btv,44,0.21586554,Urban
zzy-229@8gf-fpj-nnq,44,-0.007564169,Rural
zzy-222@8gg-d8w-pqf,44,0.28484833,Rural
zzw-223@63g-3wg-hqz,45,-0.052607104,Rural
222-226@8gb-kfz-q4v,53,-0.07514173,Rural
225-222@63f-m3r-cbk,53,-0.28076398,Urban
222-223@8gf-g5v-sdv,53,0.12915629,Urban
22c-222@647-5hn-f4v,71,-0.11639576,Urban
222-222@63f-kjq-fj9,71,0.23044011,Urban
222-222@8gg-bf8-x89,72,-0.026713379,Urban
222-222@63f-kky-tjv,44,0.119513474,Urban
zzw-222@8gf-rqj-dgk,44,0.009215044,Urban
222-222@8gg-3h8-d7q,53,-0.18355966,Urban
zzy-222@8gg-bd4-rzf,44,0.32622227,Urban
zzw-222@8gf-bmm-xt9,81,-0.058578867,Urban
22x-222@8gg-3gv-g49,62,0.16761571,Urban
225-225@8gf-dpr-e5z,62,0.20503484,Urban
zzy-222@8g9-hq2-52k,71,0.023504876,Urban
222-223@8gg-tkf-v9f,92,-0.0709189,Urban
222-222@647-3q2-8y9,44,-0.009849704,Urban
222-222@8gg-62b-qj9,44,0.046992347,Urban
zzy-225@8gg-3m9-9cq,44,0.21235676,Urban
22k-222@647-3qh-cbk,53,0.18999763,Urban
226-222@8gg-bzm-kpv,72,-0.057592068,Urban
224-222@647-3qk-4jv,54,0.16051985,Urban
223-223@8gf-r5p-6kz,44,0.20051606,Urban
223-222@647-3mv-85f,44,0.22101226,Urban
zzy-222@8gf-ds3-w6k,55,0.2251891,Urban
222-222@8gg-tnm-yn5,61,0.28603134,Rural
zzy-224@8gf-qfm-5xq,61,0.19408402,Urban
224-222@8gg-s5s-8sq,72,-0.25296468,Urban
225-222@8gf-bwh-mtv,72,0.27595088,Urban
zzw-222@8gf-dsd-9fz,44,-0.2385908,Urban
zzy-222@8gf-rgh-y9z,44,-0.13681363,Rural
223-222@63f-kgn-7dv,44,0.1864272,Urban
222-222@647-5gs-kcq,44,0.053464074,Urban
222-222@8gf-hpd-fs5,44,0.2652079,Urban
zzy-222@8gf-dpx-9j9,52,0.17586194,Urban
22p-222@63f-ktq-94v,53,-0.003839435,Urban
zzw-222@8gg-bfb-b49,61,0.24831787,Urban
zzy-222@8gf-dsg-5vf,71,0.15991527,Urban
222-224@8gf-qwz-tsq,71,0.17161152,Rural
zzy-224@8g9-nfb-4qf,72,-0.06424301,Rural
zzw-222@8gf-r7v-c3q,72,-0.17657381,Urban
zzy-222@63f-kjy-xqz,81,-0.08361243,Urban
zzw-222@647-3n6-mrk,44,-0.2539672,Urban
zzw-224@8gf-rxz-r49,44,-0.081168935,Urban
223-222@8gg-974-2kz,44,-0.05328533,Urban
zzw-225@8gf-rxs-h89,53,0.16817258,Urban
zzy-222@8gg-3gn-2ff,53,0.005254189,Urban
223-223@8gf-bk9-ckf,61,0.28930777,Rural
zzw-224@8gg-9sq-qfz,72,0.020254208,Urban
